AACGACATAATCTTGC	A	0	14176
AACGACATAATCTTGC	A	2	2146
AACGACATAATCTTGC	A	3	1
AACGACATAATCTTGC	A	4	98
AACGACATAATCTTGC	A	6	389
AACGACATAGTTGCGC	A	1	241
AACGACATAGTTGCGC	A	3	21349
AACGACATAGTTGCGC	A	5	491
AACGACATCAGATCTT	A	0	2
AACGACATCAGATCTT	A	1	43
AACGACATCAGATCTT	A	3	294
AACGACATCAGATCTT	A	4	94
AACGACATCAGATCTT	A	5	4
AACGACATCAGATTAC	A	0	3543
AACGACATCAGATTAC	A	2	371
AACGACATCAGATTAC	A	4	22
AACGACATCAGATTAC	A	6	111
AACGACATCATCTGAG	A	0	19939
AACGACATCATCTGAG	A	2	2329
AACGACATCATCTGAG	A	4	33
AACGACATCATCTGAG	A	6	435
AACGACATCTGTTACA	A	1	44
AACGACATCTGTTACA	A	3	475
AACGACATCTGTTACA	A	4	52
AACGACATCTGTTACA	A	5	6
AACGACATGAGGGCAT	A	0	5547
AACGACATGAGGGCAT	A	2	643
AACGACATGAGGGCAT	A	4	23
AACGACATGAGGGCAT	A	6	137
AACGACATTCATGACA	A	1	60
AACGACATTCATGACA	A	3	229
AACGACATTCATGACA	A	4	131
AACGACATTCATGACA	A	5	5
AACGTGGCAATCTTGC	A	0	2473
AACGTGGCAATCTTGC	A	2	800
AACGTGGCAATCTTGC	A	4	22
AACGTGGCAATCTTGC	A	6	84
AACGTGGCAGTTGCGC	A	1	56
AACGTGGCAGTTGCGC	A	3	2237
AACGTGGCAGTTGCGC	A	5	73
AACGTGGCCAGATCTT	A	1	148
AACGTGGCCAGATCTT	A	3	589
AACGTGGCCAGATCTT	A	4	17
AACGTGGCCAGATCTT	A	5	17
AACGTGGCCAGATTAC	A	0	169
AACGTGGCCAGATTAC	A	2	60
AACGTGGCCAGATTAC	A	4	50
AACGTGGCCAGATTAC	A	6	7
AACGTGGCCATCTGAG	A	0	869
AACGTGGCCATCTGAG	A	2	411
AACGTGGCCATCTGAG	A	4	50
AACGTGGCCATCTGAG	A	6	15
AACGTGGCCTGTTACA	A	1	174
AACGTGGCCTGTTACA	A	3	15836
AACGTGGCCTGTTACA	A	4	1
AACGTGGCCTGTTACA	A	5	313
AACGTGGCGAGGGCAT	A	0	308
AACGTGGCGAGGGCAT	A	2	118
AACGTGGCGAGGGCAT	A	4	12
AACGTGGCGAGGGCAT	A	6	4
AACGTGGCTCATGACA	A	1	681
AACGTGGCTCATGACA	A	3	40344
AACGTGGCTCATGACA	A	4	22
AACGTGGCTCATGACA	A	5	780
AAGCTCCTAATCTTGC	A	0	276458
AAGCTCCTAATCTTGC	A	1	1
AAGCTCCTAATCTTGC	A	2	6832
AAGCTCCTAATCTTGC	A	4	37
AAGCTCCTAATCTTGC	A	6	3572
AAGCTCCTAGTTGCGC	A	1	35898
AAGCTCCTAGTTGCGC	A	3	11338
AAGCTCCTAGTTGCGC	A	4	3
AAGCTCCTAGTTGCGC	A	5	782
AAGCTCCTCAGATCTT	A	0	34
AAGCTCCTCAGATCTT	A	1	264302
AAGCTCCTCAGATCTT	A	2	1
AAGCTCCTCAGATCTT	A	3	33717
AAGCTCCTCAGATCTT	A	4	67
AAGCTCCTCAGATCTT	A	5	4858
AAGCTCCTCAGATCTT	A	6	1
AAGCTCCTCAGATTAC	A	0	337569
AAGCTCCTCAGATTAC	A	1	3
AAGCTCCTCAGATTAC	A	2	10691
AAGCTCCTCAGATTAC	A	4	32
AAGCTCCTCAGATTAC	A	6	4667
AAGCTCCTCATCTGAG	A	0	495615
AAGCTCCTCATCTGAG	A	2	14453
AAGCTCCTCATCTGAG	A	4	22
AAGCTCCTCATCTGAG	A	6	7513
AAGCTCCTCTGTTACA	A	0	1
AAGCTCCTCTGTTACA	A	1	69490
AAGCTCCTCTGTTACA	A	3	4853
AAGCTCCTCTGTTACA	A	4	32
AAGCTCCTCTGTTACA	A	5	1464
AAGCTCCTGAGGGCAT	A	0	442976
AAGCTCCTGAGGGCAT	A	1	3
AAGCTCCTGAGGGCAT	A	2	11481
AAGCTCCTGAGGGCAT	A	4	17
AAGCTCCTGAGGGCAT	A	6	6283
AAGCTCCTTCATGACA	A	0	1
AAGCTCCTTCATGACA	A	1	270011
AAGCTCCTTCATGACA	A	3	12982
AAGCTCCTTCATGACA	A	4	52
AAGCTCCTTCATGACA	A	5	4776
AAGTGTGTAATCTTGC	A	0	6487
AAGTGTGTAATCTTGC	A	2	489
AAGTGTGTAATCTTGC	A	4	4
AAGTGTGTAATCTTGC	A	6	131
AAGTGTGTAGTTGCGC	A	1	188
AAGTGTGTAGTTGCGC	A	3	9378
AAGTGTGTAGTTGCGC	A	4	1
AAGTGTGTAGTTGCGC	A	5	378
AAGTGTGTCAGATCTT	A	1	160
AAGTGTGTCAGATCTT	A	3	3242
AAGTGTGTCAGATCTT	A	4	7
AAGTGTGTCAGATCTT	A	5	92
AAGTGTGTCAGATTAC	A	0	171
AAGTGTGTCAGATTAC	A	2	25
AAGTGTGTCAGATTAC	A	6	8
AAGTGTGTCATCTGAG	A	0	5536
AAGTGTGTCATCTGAG	A	2	648
AAGTGTGTCATCTGAG	A	4	2
AAGTGTGTCATCTGAG	A	6	198
AAGTGTGTCTGTTACA	A	1	93
AAGTGTGTCTGTTACA	A	3	2280
AAGTGTGTCTGTTACA	A	4	3
AAGTGTGTCTGTTACA	A	5	33
AAGTGTGTGAGGGCAT	A	0	520
AAGTGTGTGAGGGCAT	A	2	38
AAGTGTGTGAGGGCAT	A	6	8
AAGTGTGTTCATGACA	A	1	221
AAGTGTGTTCATGACA	A	3	5186
AAGTGTGTTCATGACA	A	4	3
AAGTGTGTTCATGACA	A	5	108
AATCGTCTAATCTTGC	A	0	1
AATCGTCTAATCTTGC	A	2	60
AATCGTCTAGTTGCGC	A	1	367
AATCGTCTAGTTGCGC	A	2	1
AATCGTCTAGTTGCGC	A	3	70630
AATCGTCTAGTTGCGC	A	4	1
AATCGTCTAGTTGCGC	A	5	1309
AATCGTCTCAGATCTT	A	1	263
AATCGTCTCAGATCTT	A	2	2
AATCGTCTCAGATCTT	A	3	41764
AATCGTCTCAGATCTT	A	4	4
AATCGTCTCAGATCTT	A	5	852
AATCGTCTCAGATTAC	A	0	277
AATCGTCTCAGATTAC	A	2	24452
AATCGTCTCAGATTAC	A	4	4
AATCGTCTCAGATTAC	A	6	310
AATCGTCTCATCTGAG	A	0	700
AATCGTCTCATCTGAG	A	2	110502
AATCGTCTCATCTGAG	A	4	5
AATCGTCTCATCTGAG	A	6	1496
AATCGTCTCTGTTACA	A	1	2297
AATCGTCTCTGTTACA	A	3	109906
AATCGTCTCTGTTACA	A	4	3
AATCGTCTCTGTTACA	A	5	3241
AATCGTCTGAGGGCAT	A	0	42
AATCGTCTGAGGGCAT	A	2	16480
AATCGTCTGAGGGCAT	A	4	3
AATCGTCTGAGGGCAT	A	6	336
AATCGTCTTCATGACA	A	1	118
AATCGTCTTCATGACA	A	3	165983
AATCGTCTTCATGACA	A	4	9
AATCGTCTTCATGACA	A	5	2167
ACCTTGATAATCTTGC	A	0	5854
ACCTTGATAATCTTGC	A	2	802
ACCTTGATAATCTTGC	A	3	2
ACCTTGATAATCTTGC	A	4	30
ACCTTGATAATCTTGC	A	6	52
ACCTTGATAGTTGCGC	A	1	42407
ACCTTGATAGTTGCGC	A	3	24858
ACCTTGATAGTTGCGC	A	4	2
ACCTTGATAGTTGCGC	A	5	1087
ACCTTGATCAGATCTT	A	0	24
ACCTTGATCAGATCTT	A	1	50121
ACCTTGATCAGATCTT	A	2	3
ACCTTGATCAGATCTT	A	3	244257
ACCTTGATCAGATCTT	A	4	42
ACCTTGATCAGATCTT	A	5	5450
ACCTTGATCAGATCTT	A	6	2
ACCTTGATCAGATTAC	A	0	212378
ACCTTGATCAGATTAC	A	1	1
ACCTTGATCAGATTAC	A	2	29855
ACCTTGATCAGATTAC	A	3	2
ACCTTGATCAGATTAC	A	4	31
ACCTTGATCAGATTAC	A	6	2697
ACCTTGATCATCTGAG	A	0	367604
ACCTTGATCATCTGAG	A	2	60639
ACCTTGATCATCTGAG	A	3	1
ACCTTGATCATCTGAG	A	4	38
ACCTTGATCATCTGAG	A	6	5779
ACCTTGATCTGTTACA	A	0	2
ACCTTGATCTGTTACA	A	1	67578
ACCTTGATCTGTTACA	A	3	44163
ACCTTGATCTGTTACA	A	4	16
ACCTTGATCTGTTACA	A	5	2106
ACCTTGATGAGGGCAT	A	0	283895
ACCTTGATGAGGGCAT	A	2	37637
ACCTTGATGAGGGCAT	A	3	3
ACCTTGATGAGGGCAT	A	4	21
ACCTTGATGAGGGCAT	A	6	3823
ACCTTGATTCATGACA	A	1	71533
ACCTTGATTCATGACA	A	3	159139
ACCTTGATTCATGACA	A	4	38
ACCTTGATTCATGACA	A	5	3898
ACGCCAAGAATCTTGC	A	0	2949
ACGCCAAGAATCTTGC	A	2	6308
ACGCCAAGAATCTTGC	A	3	1
ACGCCAAGAATCTTGC	A	4	84
ACGCCAAGAATCTTGC	A	6	193
ACGCCAAGAGTTGCGC	A	1	7809
ACGCCAAGAGTTGCGC	A	3	68249
ACGCCAAGAGTTGCGC	A	4	7
ACGCCAAGAGTTGCGC	A	5	1264
ACGCCAAGCAGATCTT	A	0	3
ACGCCAAGCAGATCTT	A	1	27159
ACGCCAAGCAGATCTT	A	2	15
ACGCCAAGCAGATCTT	A	3	124950
ACGCCAAGCAGATCTT	A	4	145
ACGCCAAGCAGATCTT	A	5	4556
ACGCCAAGCAGATTAC	A	0	144
ACGCCAAGCAGATTAC	A	2	224
ACGCCAAGCAGATTAC	A	3	1
ACGCCAAGCAGATTAC	A	4	78
ACGCCAAGCAGATTAC	A	6	11
ACGCCAAGCATCTGAG	A	0	107471
ACGCCAAGCATCTGAG	A	2	249274
ACGCCAAGCATCTGAG	A	4	38
ACGCCAAGCATCTGAG	A	6	5341
ACGCCAAGCTGTTACA	A	1	29446
ACGCCAAGCTGTTACA	A	3	92629
ACGCCAAGCTGTTACA	A	4	80
ACGCCAAGCTGTTACA	A	5	1685
ACGCCAAGGAGGGCAT	A	0	75655
ACGCCAAGGAGGGCAT	A	2	178964
ACGCCAAGGAGGGCAT	A	3	2
ACGCCAAGGAGGGCAT	A	4	17
ACGCCAAGGAGGGCAT	A	6	3370
ACGCCAAGTCATGACA	A	1	29801
ACGCCAAGTCATGACA	A	3	152107
ACGCCAAGTCATGACA	A	4	79
ACGCCAAGTCATGACA	A	5	5099
ACTGGGTTAATCTTGC	A	0	13
ACTGGGTTAATCTTGC	A	2	403
ACTGGGTTAATCTTGC	A	3	1
ACTGGGTTAATCTTGC	A	4	67
ACTGGGTTAATCTTGC	A	6	7
ACTGGGTTAGTTGCGC	A	1	451
ACTGGGTTAGTTGCGC	A	3	64150
ACTGGGTTAGTTGCGC	A	4	11
ACTGGGTTAGTTGCGC	A	5	1566
ACTGGGTTCAGATCTT	A	1	3903
ACTGGGTTCAGATCTT	A	2	7
ACTGGGTTCAGATCTT	A	3	160171
ACTGGGTTCAGATCTT	A	4	114
ACTGGGTTCAGATCTT	A	5	2482
ACTGGGTTCAGATTAC	A	0	108
ACTGGGTTCAGATTAC	A	2	239877
ACTGGGTTCAGATTAC	A	4	56
ACTGGGTTCAGATTAC	A	6	4990
ACTGGGTTCATCTGAG	A	0	116
ACTGGGTTCATCTGAG	A	2	319641
ACTGGGTTCATCTGAG	A	3	1
ACTGGGTTCATCTGAG	A	4	47
ACTGGGTTCATCTGAG	A	6	8957
ACTGGGTTCTGTTACA	A	1	254
ACTGGGTTCTGTTACA	A	2	1
ACTGGGTTCTGTTACA	A	3	100112
ACTGGGTTCTGTTACA	A	4	83
ACTGGGTTCTGTTACA	A	5	1130
ACTGGGTTGAGGGCAT	A	0	39
ACTGGGTTGAGGGCAT	A	2	87591
ACTGGGTTGAGGGCAT	A	3	2
ACTGGGTTGAGGGCAT	A	4	36
ACTGGGTTGAGGGCAT	A	6	1107
ACTGGGTTTCATGACA	A	1	5748
ACTGGGTTTCATGACA	A	3	177829
ACTGGGTTTCATGACA	A	4	99
ACTGGGTTTCATGACA	A	5	2182
AGATCTCGAATCTTGC	A	0	1850
AGATCTCGAATCTTGC	A	2	2111
AGATCTCGAATCTTGC	A	4	11
AGATCTCGAATCTTGC	A	6	44
AGATCTCGAGTTGCGC	A	1	13073
AGATCTCGAGTTGCGC	A	3	37575
AGATCTCGAGTTGCGC	A	4	2
AGATCTCGAGTTGCGC	A	5	967
AGATCTCGCAGATCTT	A	0	4
AGATCTCGCAGATCTT	A	1	105406
AGATCTCGCAGATCTT	A	2	15
AGATCTCGCAGATCTT	A	3	97555
AGATCTCGCAGATCTT	A	4	32
AGATCTCGCAGATCTT	A	5	4470
AGATCTCGCAGATTAC	A	0	12633
AGATCTCGCAGATTAC	A	2	20008
AGATCTCGCAGATTAC	A	4	11
AGATCTCGCAGATTAC	A	6	396
AGATCTCGCATCTGAG	A	0	148846
AGATCTCGCATCTGAG	A	2	162552
AGATCTCGCATCTGAG	A	4	6
AGATCTCGCATCTGAG	A	6	6453
AGATCTCGCTGTTACA	A	1	56483
AGATCTCGCTGTTACA	A	3	25815
AGATCTCGCTGTTACA	A	4	8
AGATCTCGCTGTTACA	A	5	1078
AGATCTCGGAGGGCAT	A	0	103161
AGATCTCGGAGGGCAT	A	2	180365
AGATCTCGGAGGGCAT	A	4	6
AGATCTCGGAGGGCAT	A	6	5846
AGATCTCGTCATGACA	A	1	131494
AGATCTCGTCATGACA	A	3	82702
AGATCTCGTCATGACA	A	4	18
AGATCTCGTCATGACA	A	5	4929
AGCCAAGAAATCTTGC	A	0	1021
AGCCAAGAAATCTTGC	A	2	343
AGCCAAGAAATCTTGC	A	4	12331
AGCCAAGAAATCTTGC	A	6	48
AGCCAAGAAGTTGCGC	A	1	67
AGCCAAGAAGTTGCGC	A	3	6795
AGCCAAGAAGTTGCGC	A	4	1
AGCCAAGAAGTTGCGC	A	5	196
AGCCAAGACAGATCTT	A	1	34
AGCCAAGACAGATCTT	A	3	311
AGCCAAGACAGATCTT	A	4	5921
AGCCAAGACAGATCTT	A	5	9
AGCCAAGACAGATTAC	A	0	150
AGCCAAGACAGATTAC	A	2	153
AGCCAAGACAGATTAC	A	4	9219
AGCCAAGACAGATTAC	A	6	5
AGCCAAGACATCTGAG	A	0	1655
AGCCAAGACATCTGAG	A	2	994
AGCCAAGACATCTGAG	A	4	11180
AGCCAAGACATCTGAG	A	6	42
AGCCAAGACTGTTACA	A	1	36
AGCCAAGACTGTTACA	A	3	1517
AGCCAAGACTGTTACA	A	4	5
AGCCAAGACTGTTACA	A	5	35
AGCCAAGAGAGGGCAT	A	0	252
AGCCAAGAGAGGGCAT	A	2	330
AGCCAAGAGAGGGCAT	A	4	9580
AGCCAAGAGAGGGCAT	A	6	5
AGCCAAGATCATGACA	A	1	45
AGCCAAGATCATGACA	A	3	476
AGCCAAGATCATGACA	A	4	1460
AGCCAAGATCATGACA	A	5	7
AGCCCTACAATCTTGC	A	0	3393
AGCCCTACAATCTTGC	A	2	281121
AGCCCTACAATCTTGC	A	4	33
AGCCCTACAATCTTGC	A	6	5089
AGCCCTACAGTTGCGC	A	1	87
AGCCCTACAGTTGCGC	A	3	42091
AGCCCTACAGTTGCGC	A	5	1008
AGCCCTACCAGATCTT	A	1	172
AGCCCTACCAGATCTT	A	2	17
AGCCCTACCAGATCTT	A	3	165220
AGCCCTACCAGATCTT	A	4	39
AGCCCTACCAGATCTT	A	5	2479
AGCCCTACCAGATCTT	A	6	3
AGCCCTACCAGATTAC	A	0	38
AGCCCTACCAGATTAC	A	2	106868
AGCCCTACCAGATTAC	A	4	48
AGCCCTACCAGATTAC	A	6	1367
AGCCCTACCATCTGAG	A	0	453
AGCCCTACCATCTGAG	A	2	86103
AGCCCTACCATCTGAG	A	4	32
AGCCCTACCATCTGAG	A	6	1202
AGCCCTACCTGTTACA	A	1	122
AGCCCTACCTGTTACA	A	3	143461
AGCCCTACCTGTTACA	A	4	11
AGCCCTACCTGTTACA	A	5	5509
AGCCCTACGAGGGCAT	A	0	1432
AGCCCTACGAGGGCAT	A	2	256497
AGCCCTACGAGGGCAT	A	3	2
AGCCCTACGAGGGCAT	A	4	26
AGCCCTACGAGGGCAT	A	6	3554
AGCCCTACTCATGACA	A	1	137
AGCCCTACTCATGACA	A	3	157170
AGCCCTACTCATGACA	A	4	32
AGCCCTACTCATGACA	A	5	5788
AGGATTGCAATCTTGC	A	0	10109
AGGATTGCAATCTTGC	A	2	1187
AGGATTGCAATCTTGC	A	4	8
AGGATTGCAATCTTGC	A	6	268
AGGATTGCAGTTGCGC	A	1	617
AGGATTGCAGTTGCGC	A	3	45190
AGGATTGCAGTTGCGC	A	5	1550
AGGATTGCCAGATCTT	A	1	34
AGGATTGCCAGATCTT	A	3	572
AGGATTGCCAGATCTT	A	4	6
AGGATTGCCAGATCTT	A	5	12
AGGATTGCCAGATTAC	A	0	351
AGGATTGCCAGATTAC	A	2	32
AGGATTGCCAGATTAC	A	4	3
AGGATTGCCAGATTAC	A	6	8
AGGATTGCCATCTGAG	A	0	3972
AGGATTGCCATCTGAG	A	2	273
AGGATTGCCATCTGAG	A	4	4
AGGATTGCCATCTGAG	A	6	84
AGGATTGCCTGTTACA	A	1	967
AGGATTGCCTGTTACA	A	3	17086
AGGATTGCCTGTTACA	A	4	2
AGGATTGCCTGTTACA	A	5	713
AGGATTGCGAGGGCAT	A	0	737
AGGATTGCGAGGGCAT	A	2	50
AGGATTGCGAGGGCAT	A	4	1
AGGATTGCGAGGGCAT	A	6	16
AGGATTGCTCATGACA	A	1	64
AGGATTGCTCATGACA	A	3	1103
AGGATTGCTCATGACA	A	4	8
AGGATTGCTCATGACA	A	5	38
AGGGACTGAATCTTGC	A	0	80
AGGGACTGAATCTTGC	A	2	260311
AGGGACTGAATCTTGC	A	3	1
AGGGACTGAATCTTGC	A	4	32
AGGGACTGAATCTTGC	A	6	5829
AGGGACTGAGTTGCGC	A	1	159
AGGGACTGAGTTGCGC	A	3	48129
AGGGACTGAGTTGCGC	A	4	3
AGGGACTGAGTTGCGC	A	5	1145
AGGGACTGCAGATCTT	A	1	2925
AGGGACTGCAGATCTT	A	2	13
AGGGACTGCAGATCTT	A	3	214271
AGGGACTGCAGATCTT	A	4	35
AGGGACTGCAGATCTT	A	5	3014
AGGGACTGCAGATTAC	A	0	3944
AGGGACTGCAGATTAC	A	2	186959
AGGGACTGCAGATTAC	A	3	2
AGGGACTGCAGATTAC	A	4	33
AGGGACTGCAGATTAC	A	6	4082
AGGGACTGCATCTGAG	A	0	6840
AGGGACTGCATCTGAG	A	2	294199
AGGGACTGCATCTGAG	A	4	28
AGGGACTGCATCTGAG	A	6	7702
AGGGACTGCTGTTACA	A	1	5124
AGGGACTGCTGTTACA	A	3	69884
AGGGACTGCTGTTACA	A	4	22
AGGGACTGCTGTTACA	A	5	931
AGGGACTGGAGGGCAT	A	0	405
AGGGACTGGAGGGCAT	A	2	68949
AGGGACTGGAGGGCAT	A	3	3
AGGGACTGGAGGGCAT	A	4	22
AGGGACTGGAGGGCAT	A	6	821
AGGGACTGTCATGACA	A	1	4278
AGGGACTGTCATGACA	A	3	143604
AGGGACTGTCATGACA	A	4	29
AGGGACTGTCATGACA	A	5	2725
AGGGTCCAAATCTTGC	A	0	216581
AGGGTCCAAATCTTGC	A	1	2
AGGGTCCAAATCTTGC	A	2	4287
AGGGTCCAAATCTTGC	A	4	60
AGGGTCCAAATCTTGC	A	6	2310
AGGGTCCAAGTTGCGC	A	1	60259
AGGGTCCAAGTTGCGC	A	3	6521
AGGGTCCAAGTTGCGC	A	4	2
AGGGTCCAAGTTGCGC	A	5	908
AGGGTCCACAGATCTT	A	0	29
AGGGTCCACAGATCTT	A	1	307619
AGGGTCCACAGATCTT	A	3	4626
AGGGTCCACAGATCTT	A	4	81
AGGGTCCACAGATCTT	A	5	4431
AGGGTCCACAGATTAC	A	0	303080
AGGGTCCACAGATTAC	A	1	1
AGGGTCCACAGATTAC	A	2	4700
AGGGTCCACAGATTAC	A	4	45
AGGGTCCACAGATTAC	A	6	3468
AGGGTCCACATCTGAG	A	0	467855
AGGGTCCACATCTGAG	A	1	1
AGGGTCCACATCTGAG	A	2	8411
AGGGTCCACATCTGAG	A	4	43
AGGGTCCACATCTGAG	A	6	5457
AGGGTCCACTGTTACA	A	0	1
AGGGTCCACTGTTACA	A	1	111165
AGGGTCCACTGTTACA	A	3	1012
AGGGTCCACTGTTACA	A	4	36
AGGGTCCACTGTTACA	A	5	1384
AGGGTCCAGAGGGCAT	A	0	386900
AGGGTCCAGAGGGCAT	A	1	4
AGGGTCCAGAGGGCAT	A	2	6914
AGGGTCCAGAGGGCAT	A	4	24
AGGGTCCAGAGGGCAT	A	6	4435
AGGGTCCATCATGACA	A	1	246835
AGGGTCCATCATGACA	A	3	5228
AGGGTCCATCATGACA	A	4	54
AGGGTCCATCATGACA	A	5	3457
AGTTGATGAATCTTGC	A	0	22
AGTTGATGAATCTTGC	A	2	135
AGTTGATGAATCTTGC	A	4	30
AGTTGATGAATCTTGC	A	6	4
AGTTGATGAGTTGCGC	A	1	4586
AGTTGATGAGTTGCGC	A	2	1
AGTTGATGAGTTGCGC	A	3	63863
AGTTGATGAGTTGCGC	A	4	4
AGTTGATGAGTTGCGC	A	5	1085
AGTTGATGCAGATCTT	A	0	1
AGTTGATGCAGATCTT	A	1	68173
AGTTGATGCAGATCTT	A	2	11
AGTTGATGCAGATCTT	A	3	149909
AGTTGATGCAGATCTT	A	4	44
AGTTGATGCAGATCTT	A	5	4312
AGTTGATGCAGATTAC	A	0	46634
AGTTGATGCAGATTAC	A	2	149599
AGTTGATGCAGATTAC	A	3	1
AGTTGATGCAGATTAC	A	4	23
AGTTGATGCAGATTAC	A	6	2867
AGTTGATGCATCTGAG	A	0	38356
AGTTGATGCATCTGAG	A	2	171498
AGTTGATGCATCTGAG	A	4	21
AGTTGATGCATCTGAG	A	6	5374
AGTTGATGCTGTTACA	A	0	2
AGTTGATGCTGTTACA	A	1	19341
AGTTGATGCTGTTACA	A	3	20570
AGTTGATGCTGTTACA	A	4	17
AGTTGATGCTGTTACA	A	5	503
AGTTGATGGAGGGCAT	A	0	18087
AGTTGATGGAGGGCAT	A	1	2
AGTTGATGGAGGGCAT	A	2	66189
AGTTGATGGAGGGCAT	A	3	2
AGTTGATGGAGGGCAT	A	4	18
AGTTGATGGAGGGCAT	A	6	1529
AGTTGATGTCATGACA	A	1	73027
AGTTGATGTCATGACA	A	3	137796
AGTTGATGTCATGACA	A	4	39
AGTTGATGTCATGACA	A	5	2913
ATACATGGAATCTTGC	A	0	3750
ATACATGGAATCTTGC	A	2	1147
ATACATGGAATCTTGC	A	4	15
ATACATGGAATCTTGC	A	6	98
ATACATGGAGTTGCGC	A	1	470
ATACATGGAGTTGCGC	A	3	54239
ATACATGGAGTTGCGC	A	5	1275
ATACATGGCAGATCTT	A	1	22
ATACATGGCAGATCTT	A	3	608
ATACATGGCAGATCTT	A	4	15
ATACATGGCAGATCTT	A	5	8
ATACATGGCAGATTAC	A	0	106
ATACATGGCAGATTAC	A	2	36
ATACATGGCAGATTAC	A	4	7
ATACATGGCAGATTAC	A	6	5
ATACATGGCATCTGAG	A	0	2825
ATACATGGCATCTGAG	A	2	1022
ATACATGGCATCTGAG	A	3	1
ATACATGGCATCTGAG	A	4	10
ATACATGGCATCTGAG	A	6	65
ATACATGGCTGTTACA	A	1	20
ATACATGGCTGTTACA	A	3	320
ATACATGGCTGTTACA	A	4	2
ATACATGGCTGTTACA	A	5	15
ATACATGGGAGGGCAT	A	0	1398
ATACATGGGAGGGCAT	A	2	350
ATACATGGGAGGGCAT	A	4	3
ATACATGGGAGGGCAT	A	6	44
ATACATGGTCATGACA	A	1	344
ATACATGGTCATGACA	A	3	14690
ATACATGGTCATGACA	A	4	17
ATACATGGTCATGACA	A	5	184
ATACTGAGAATCTTGC	A	0	77
ATACTGAGAATCTTGC	A	2	9857
ATACTGAGAATCTTGC	A	4	13
ATACTGAGAATCTTGC	A	6	173
ATACTGAGAGTTGCGC	A	1	70
ATACTGAGAGTTGCGC	A	3	53560
ATACTGAGAGTTGCGC	A	5	1339
ATACTGAGCAGATCTT	A	1	191
ATACTGAGCAGATCTT	A	2	20
ATACTGAGCAGATCTT	A	3	110097
ATACTGAGCAGATCTT	A	4	15
ATACTGAGCAGATCTT	A	5	1433
ATACTGAGCAGATCTT	A	6	2
ATACTGAGCAGATTAC	A	0	248
ATACTGAGCAGATTAC	A	1	1
ATACTGAGCAGATTAC	A	2	55789
ATACTGAGCAGATTAC	A	3	1
ATACTGAGCAGATTAC	A	4	9
ATACTGAGCAGATTAC	A	6	1000
ATACTGAGCATCTGAG	A	0	313
ATACTGAGCATCTGAG	A	2	27725
ATACTGAGCATCTGAG	A	4	6
ATACTGAGCATCTGAG	A	6	507
ATACTGAGCTGTTACA	A	1	103
ATACTGAGCTGTTACA	A	3	83740
ATACTGAGCTGTTACA	A	4	4
ATACTGAGCTGTTACA	A	5	1195
ATACTGAGGAGGGCAT	A	0	288
ATACTGAGGAGGGCAT	A	2	203459
ATACTGAGGAGGGCAT	A	4	9
ATACTGAGGAGGGCAT	A	6	4260
ATACTGAGTCATGACA	A	1	263
ATACTGAGTCATGACA	A	2	1
ATACTGAGTCATGACA	A	3	175143
ATACTGAGTCATGACA	A	4	9
ATACTGAGTCATGACA	A	5	3486
ATCATCCTAATCTTGC	A	0	1873
ATCATCCTAATCTTGC	A	2	30206
ATCATCCTAATCTTGC	A	3	2
ATCATCCTAATCTTGC	A	4	22
ATCATCCTAATCTTGC	A	6	628
ATCATCCTAGTTGCGC	A	1	101
ATCATCCTAGTTGCGC	A	3	15770
ATCATCCTAGTTGCGC	A	4	1
ATCATCCTAGTTGCGC	A	5	292
ATCATCCTCAGATCTT	A	1	1554
ATCATCCTCAGATCTT	A	2	12
ATCATCCTCAGATCTT	A	3	120437
ATCATCCTCAGATCTT	A	4	17
ATCATCCTCAGATCTT	A	5	1562
ATCATCCTCAGATTAC	A	0	5480
ATCATCCTCAGATTAC	A	2	83170
ATCATCCTCAGATTAC	A	4	15
ATCATCCTCAGATTAC	A	6	1130
ATCATCCTCATCTGAG	A	0	9135
ATCATCCTCATCTGAG	A	2	299547
ATCATCCTCATCTGAG	A	3	1
ATCATCCTCATCTGAG	A	4	14
ATCATCCTCATCTGAG	A	6	5573
ATCATCCTCTGTTACA	A	1	467
ATCATCCTCTGTTACA	A	3	18788
ATCATCCTCTGTTACA	A	4	6
ATCATCCTCTGTTACA	A	5	259
ATCATCCTGAGGGCAT	A	0	6697
ATCATCCTGAGGGCAT	A	2	84171
ATCATCCTGAGGGCAT	A	4	15
ATCATCCTGAGGGCAT	A	6	2133
ATCATCCTTCATGACA	A	1	6148
ATCATCCTTCATGACA	A	3	186478
ATCATCCTTCATGACA	A	4	20
ATCATCCTTCATGACA	A	5	3825
ATGCACAAAATCTTGC	A	0	398752
ATGCACAAAATCTTGC	A	2	17484
ATGCACAAAATCTTGC	A	4	37
ATGCACAAAATCTTGC	A	6	5055
ATGCACAAAGTTGCGC	A	1	82917
ATGCACAAAGTTGCGC	A	3	15028
ATGCACAAAGTTGCGC	A	4	1
ATGCACAAAGTTGCGC	A	5	1429
ATGCACAACAGATCTT	A	0	45
ATGCACAACAGATCTT	A	1	285437
ATGCACAACAGATCTT	A	2	2
ATGCACAACAGATCTT	A	3	30242
ATGCACAACAGATCTT	A	4	32
ATGCACAACAGATCTT	A	5	4795
ATGCACAACAGATCTT	A	6	4
ATGCACAACAGATTAC	A	0	340960
ATGCACAACAGATTAC	A	1	3
ATGCACAACAGATTAC	A	2	15377
ATGCACAACAGATTAC	A	4	36
ATGCACAACAGATTAC	A	6	4367
ATGCACAACATCTGAG	A	0	183383
ATGCACAACATCTGAG	A	2	12469
ATGCACAACATCTGAG	A	4	43
ATGCACAACATCTGAG	A	6	2402
ATGCACAACTGTTACA	A	1	168362
ATGCACAACTGTTACA	A	3	10195
ATGCACAACTGTTACA	A	4	24
ATGCACAACTGTTACA	A	5	2469
ATGCACAACTGTTACA	A	6	1
ATGCACAAGAGGGCAT	A	0	386979
ATGCACAAGAGGGCAT	A	1	1
ATGCACAAGAGGGCAT	A	2	19171
ATGCACAAGAGGGCAT	A	4	34
ATGCACAAGAGGGCAT	A	6	4676
ATGCACAATCATGACA	A	1	281532
ATGCACAATCATGACA	A	3	30151
ATGCACAATCATGACA	A	4	42
ATGCACAATCATGACA	A	5	4844
ATGCATTCAATCTTGC	A	0	80576
ATGCATTCAATCTTGC	A	2	3853
ATGCATTCAATCTTGC	A	4	38
ATGCATTCAATCTTGC	A	6	936
ATGCATTCAGTTGCGC	A	0	1
ATGCATTCAGTTGCGC	A	1	66045
ATGCATTCAGTTGCGC	A	3	4903
ATGCATTCAGTTGCGC	A	4	2
ATGCATTCAGTTGCGC	A	5	1028
ATGCATTCCAGATCTT	A	0	22
ATGCATTCCAGATCTT	A	1	300322
ATGCATTCCAGATCTT	A	2	1
ATGCATTCCAGATCTT	A	3	15033
ATGCATTCCAGATCTT	A	4	26
ATGCATTCCAGATCTT	A	5	4561
ATGCATTCCAGATCTT	A	6	2
ATGCATTCCAGATTAC	A	0	297630
ATGCATTCCAGATTAC	A	1	2
ATGCATTCCAGATTAC	A	2	13969
ATGCATTCCAGATTAC	A	4	24
ATGCATTCCAGATTAC	A	6	3516
ATGCATTCCATCTGAG	A	0	445139
ATGCATTCCATCTGAG	A	2	27094
ATGCATTCCATCTGAG	A	4	27
ATGCATTCCATCTGAG	A	6	5642
ATGCATTCCTGTTACA	A	1	98970
ATGCATTCCTGTTACA	A	3	2049
ATGCATTCCTGTTACA	A	4	19
ATGCATTCCTGTTACA	A	5	1394
ATGCATTCGAGGGCAT	A	0	361980
ATGCATTCGAGGGCAT	A	2	16271
ATGCATTCGAGGGCAT	A	4	21
ATGCATTCGAGGGCAT	A	6	4541
ATGCATTCTCATGACA	A	0	1
ATGCATTCTCATGACA	A	1	253076
ATGCATTCTCATGACA	A	3	7221
ATGCATTCTCATGACA	A	4	36
ATGCATTCTCATGACA	A	5	3912
ATGGTGAAAATCTTGC	A	0	339544
ATGGTGAAAATCTTGC	A	1	1
ATGGTGAAAATCTTGC	A	2	57547
ATGGTGAAAATCTTGC	A	4	41
ATGGTGAAAATCTTGC	A	6	4805
ATGGTGAAAGTTGCGC	A	1	58419
ATGGTGAAAGTTGCGC	A	3	20320
ATGGTGAAAGTTGCGC	A	4	6
ATGGTGAAAGTTGCGC	A	5	1189
ATGGTGAAAGTTGCGC	A	6	1
ATGGTGAACAGATCTT	A	0	25
ATGGTGAACAGATCTT	A	1	270567
ATGGTGAACAGATCTT	A	2	3
ATGGTGAACAGATCTT	A	3	38565
ATGGTGAACAGATCTT	A	4	57
ATGGTGAACAGATCTT	A	5	4720
ATGGTGAACAGATCTT	A	6	3
ATGGTGAACAGATTAC	A	0	280559
ATGGTGAACAGATTAC	A	1	2
ATGGTGAACAGATTAC	A	2	37533
ATGGTGAACAGATTAC	A	4	38
ATGGTGAACAGATTAC	A	6	3645
ATGGTGAACATCTGAG	A	0	288755
ATGGTGAACATCTGAG	A	2	52397
ATGGTGAACATCTGAG	A	4	37
ATGGTGAACATCTGAG	A	6	4225
ATGGTGAACTGTTACA	A	0	1
ATGGTGAACTGTTACA	A	1	102593
ATGGTGAACTGTTACA	A	3	6960
ATGGTGAACTGTTACA	A	4	18
ATGGTGAACTGTTACA	A	5	1397
ATGGTGAACTGTTACA	A	6	1
ATGGTGAAGAGGGCAT	A	0	344446
ATGGTGAAGAGGGCAT	A	1	2
ATGGTGAAGAGGGCAT	A	2	53299
ATGGTGAAGAGGGCAT	A	4	25
ATGGTGAAGAGGGCAT	A	6	4922
ATGGTGAATCATGACA	A	1	257732
ATGGTGAATCATGACA	A	3	30606
ATGGTGAATCATGACA	A	4	42
ATGGTGAATCATGACA	A	5	4579
CAACGGGAAATCTTGC	A	0	8273
CAACGGGAAATCTTGC	A	2	1014
CAACGGGAAATCTTGC	A	4	27
CAACGGGAAATCTTGC	A	6	355
CAACGGGAAGTTGCGC	A	1	1179
CAACGGGAAGTTGCGC	A	3	78147
CAACGGGAAGTTGCGC	A	4	2
CAACGGGAAGTTGCGC	A	5	2082
CAACGGGACAGATCTT	A	0	1
CAACGGGACAGATCTT	A	1	444
CAACGGGACAGATCTT	A	3	10765
CAACGGGACAGATCTT	A	4	12
CAACGGGACAGATCTT	A	5	344
CAACGGGACAGATTAC	A	0	709
CAACGGGACAGATTAC	A	2	143
CAACGGGACAGATTAC	A	4	5
CAACGGGACAGATTAC	A	6	28
CAACGGGACATCTGAG	A	0	25526
CAACGGGACATCTGAG	A	2	2272
CAACGGGACATCTGAG	A	4	16
CAACGGGACATCTGAG	A	6	794
CAACGGGACTGTTACA	A	1	1927
CAACGGGACTGTTACA	A	3	50797
CAACGGGACTGTTACA	A	4	17
CAACGGGACTGTTACA	A	5	1452
CAACGGGAGAGGGCAT	A	0	5943
CAACGGGAGAGGGCAT	A	2	472
CAACGGGAGAGGGCAT	A	4	13
CAACGGGAGAGGGCAT	A	6	161
CAACGGGATCATGACA	A	1	368
CAACGGGATCATGACA	A	3	6657
CAACGGGATCATGACA	A	4	40
CAACGGGATCATGACA	A	5	213
CACGAACTAATCTTGC	A	0	22897
CACGAACTAATCTTGC	A	2	183632
CACGAACTAATCTTGC	A	4	21
CACGAACTAATCTTGC	A	6	2533
CACGAACTAGTTGCGC	A	1	1128
CACGAACTAGTTGCGC	A	3	54139
CACGAACTAGTTGCGC	A	4	1
CACGAACTAGTTGCGC	A	5	1214
CACGAACTCAGATCTT	A	0	3
CACGAACTCAGATCTT	A	1	9791
CACGAACTCAGATCTT	A	2	30
CACGAACTCAGATCTT	A	3	74022
CACGAACTCAGATCTT	A	4	33
CACGAACTCAGATCTT	A	5	2429
CACGAACTCAGATTAC	A	0	20593
CACGAACTCAGATTAC	A	2	178471
CACGAACTCAGATTAC	A	4	25
CACGAACTCAGATTAC	A	6	2839
CACGAACTCATCTGAG	A	0	4255
CACGAACTCATCTGAG	A	2	125453
CACGAACTCATCTGAG	A	4	19
CACGAACTCATCTGAG	A	6	2262
CACGAACTCTGTTACA	A	1	22391
CACGAACTCTGTTACA	A	3	94347
CACGAACTCTGTTACA	A	4	21
CACGAACTCTGTTACA	A	5	1296
CACGAACTGAGGGCAT	A	0	16075
CACGAACTGAGGGCAT	A	2	243674
CACGAACTGAGGGCAT	A	4	18
CACGAACTGAGGGCAT	A	6	4669
CACGAACTTCATGACA	A	1	4032
CACGAACTTCATGACA	A	3	32829
CACGAACTTCATGACA	A	4	19
CACGAACTTCATGACA	A	5	422
CAGCACAGAATCTTGC	A	0	34851
CAGCACAGAATCTTGC	A	2	617
CAGCACAGAATCTTGC	A	4	20
CAGCACAGAATCTTGC	A	6	376
CAGCACAGAGTTGCGC	A	1	56466
CAGCACAGAGTTGCGC	A	3	5482
CAGCACAGAGTTGCGC	A	5	909
CAGCACAGCAGATCTT	A	0	31
CAGCACAGCAGATCTT	A	1	325027
CAGCACAGCAGATCTT	A	2	3
CAGCACAGCAGATCTT	A	3	13474
CAGCACAGCAGATCTT	A	4	39
CAGCACAGCAGATCTT	A	5	4622
CAGCACAGCAGATCTT	A	6	1
CAGCACAGCAGATTAC	A	0	285060
CAGCACAGCAGATTAC	A	1	4
CAGCACAGCAGATTAC	A	2	5466
CAGCACAGCAGATTAC	A	4	15
CAGCACAGCAGATTAC	A	6	3508
CAGCACAGCATCTGAG	A	0	460110
CAGCACAGCATCTGAG	A	2	9672
CAGCACAGCATCTGAG	A	4	15
CAGCACAGCATCTGAG	A	6	5578
CAGCACAGCTGTTACA	A	1	97865
CAGCACAGCTGTTACA	A	3	780
CAGCACAGCTGTTACA	A	4	10
CAGCACAGCTGTTACA	A	5	1216
CAGCACAGGAGGGCAT	A	0	404852
CAGCACAGGAGGGCAT	A	2	5896
CAGCACAGGAGGGCAT	A	4	15
CAGCACAGGAGGGCAT	A	6	4904
CAGCACAGTCATGACA	A	1	250020
CAGCACAGTCATGACA	A	3	4846
CAGCACAGTCATGACA	A	4	28
CAGCACAGTCATGACA	A	5	3431
CATCCAACAATCTTGC	A	0	855
CATCCAACAATCTTGC	A	2	181
CATCCAACAATCTTGC	A	4	1
CATCCAACAATCTTGC	A	6	41
CATCCAACAGTTGCGC	A	1	54
CATCCAACAGTTGCGC	A	3	10858
CATCCAACAGTTGCGC	A	4	1
CATCCAACAGTTGCGC	A	5	236
CATCCAACCAGATCTT	A	1	87
CATCCAACCAGATCTT	A	3	3968
CATCCAACCAGATCTT	A	4	4
CATCCAACCAGATCTT	A	5	38
CATCCAACCAGATTAC	A	0	299
CATCCAACCAGATTAC	A	2	67
CATCCAACCAGATTAC	A	4	2
CATCCAACCAGATTAC	A	6	5
CATCCAACCATCTGAG	A	0	1523
CATCCAACCATCTGAG	A	2	581
CATCCAACCATCTGAG	A	4	1
CATCCAACCATCTGAG	A	6	69
CATCCAACCTGTTACA	A	1	53
CATCCAACCTGTTACA	A	3	1491
CATCCAACCTGTTACA	A	4	3
CATCCAACCTGTTACA	A	5	29
CATCCAACGAGGGCAT	A	0	165
CATCCAACGAGGGCAT	A	2	36
CATCCAACGAGGGCAT	A	4	1
CATCCAACGAGGGCAT	A	6	2
CATCCAACTCATGACA	A	1	70
CATCCAACTCATGACA	A	3	1505
CATCCAACTCATGACA	A	4	2
CATCCAACTCATGACA	A	5	39
CCAACAATAATCTTGC	A	0	3664
CCAACAATAATCTTGC	A	2	393
CCAACAATAATCTTGC	A	4	61
CCAACAATAATCTTGC	A	6	99
CCAACAATAGTTGCGC	A	1	466
CCAACAATAGTTGCGC	A	3	58766
CCAACAATAGTTGCGC	A	4	1
CCAACAATAGTTGCGC	A	5	2206
CCAACAATCAGATCTT	A	0	1
CCAACAATCAGATCTT	A	1	152
CCAACAATCAGATCTT	A	3	2481
CCAACAATCAGATCTT	A	4	43
CCAACAATCAGATCTT	A	5	50
CCAACAATCAGATTAC	A	0	353
CCAACAATCAGATTAC	A	2	139
CCAACAATCAGATTAC	A	4	60
CCAACAATCAGATTAC	A	6	16
CCAACAATCATCTGAG	A	0	15997
CCAACAATCATCTGAG	A	2	3487
CCAACAATCATCTGAG	A	4	42
CCAACAATCATCTGAG	A	6	520
CCAACAATCTGTTACA	A	0	1
CCAACAATCTGTTACA	A	1	606
CCAACAATCTGTTACA	A	3	27584
CCAACAATCTGTTACA	A	4	62
CCAACAATCTGTTACA	A	5	520
CCAACAATGAGGGCAT	A	0	2178
CCAACAATGAGGGCAT	A	2	358
CCAACAATGAGGGCAT	A	4	6
CCAACAATGAGGGCAT	A	6	55
CCAACAATTCATGACA	A	1	227
CCAACAATTCATGACA	A	3	6364
CCAACAATTCATGACA	A	4	183
CCAACAATTCATGACA	A	5	209
CCATACTTAATCTTGC	A	0	94764
CCATACTTAATCTTGC	A	1	2
CCATACTTAATCTTGC	A	2	213100
CCATACTTAATCTTGC	A	4	21
CCATACTTAATCTTGC	A	6	6902
CCATACTTAGTTGCGC	A	1	17590
CCATACTTAGTTGCGC	A	3	47906
CCATACTTAGTTGCGC	A	4	1
CCATACTTAGTTGCGC	A	5	815
CCATACTTCAGATCTT	A	0	4
CCATACTTCAGATCTT	A	1	115183
CCATACTTCAGATCTT	A	2	22
CCATACTTCAGATCTT	A	3	143914
CCATACTTCAGATCTT	A	4	22
CCATACTTCAGATCTT	A	5	3619
CCATACTTCAGATCTT	A	6	1
CCATACTTCAGATTAC	A	0	5344
CCATACTTCAGATTAC	A	1	2
CCATACTTCAGATTAC	A	2	17132
CCATACTTCAGATTAC	A	4	16
CCATACTTCAGATTAC	A	6	544
CCATACTTCATCTGAG	A	0	93045
CCATACTTCATCTGAG	A	2	208670
CCATACTTCATCTGAG	A	4	19
CCATACTTCATCTGAG	A	6	5188
CCATACTTCTGTTACA	A	1	43231
CCATACTTCTGTTACA	A	2	1
CCATACTTCTGTTACA	A	3	56436
CCATACTTCTGTTACA	A	4	8
CCATACTTCTGTTACA	A	5	1259
CCATACTTGAGGGCAT	A	0	90600
CCATACTTGAGGGCAT	A	2	199164
CCATACTTGAGGGCAT	A	3	2
CCATACTTGAGGGCAT	A	4	9
CCATACTTGAGGGCAT	A	6	4515
CCATACTTTCATGACA	A	1	94661
CCATACTTTCATGACA	A	3	137078
CCATACTTTCATGACA	A	4	20
CCATACTTTCATGACA	A	5	2918
CCCGTTAGAATCTTGC	A	0	4919
CCCGTTAGAATCTTGC	A	2	554
CCCGTTAGAATCTTGC	A	4	4
CCCGTTAGAATCTTGC	A	6	151
CCCGTTAGAGTTGCGC	A	1	2982
CCCGTTAGAGTTGCGC	A	3	54602
CCCGTTAGAGTTGCGC	A	5	2065
CCCGTTAGCAGATCTT	A	1	148
CCCGTTAGCAGATCTT	A	3	1183
CCCGTTAGCAGATCTT	A	4	1
CCCGTTAGCAGATCTT	A	5	12
CCCGTTAGCAGATTAC	A	0	190
CCCGTTAGCAGATTAC	A	2	19
CCCGTTAGCAGATTAC	A	4	3
CCCGTTAGCAGATTAC	A	6	4
CCCGTTAGCATCTGAG	A	0	2016
CCCGTTAGCATCTGAG	A	2	229
CCCGTTAGCATCTGAG	A	4	5
CCCGTTAGCATCTGAG	A	6	45
CCCGTTAGCTGTTACA	A	1	943
CCCGTTAGCTGTTACA	A	3	5573
CCCGTTAGCTGTTACA	A	4	1
CCCGTTAGCTGTTACA	A	5	135
CCCGTTAGGAGGGCAT	A	0	1908
CCCGTTAGGAGGGCAT	A	2	76
CCCGTTAGGAGGGCAT	A	4	1
CCCGTTAGGAGGGCAT	A	6	53
CCCGTTAGTCATGACA	A	1	4289
CCCGTTAGTCATGACA	A	3	28040
CCCGTTAGTCATGACA	A	4	5
CCCGTTAGTCATGACA	A	5	748
CCCTCAAAAATCTTGC	A	0	34
CCCTCAAAAATCTTGC	A	2	37812
CCCTCAAAAATCTTGC	A	4	13
CCCTCAAAAATCTTGC	A	6	479
CCCTCAAAAGTTGCGC	A	1	265
CCCTCAAAAGTTGCGC	A	3	54768
CCCTCAAAAGTTGCGC	A	4	2
CCCTCAAAAGTTGCGC	A	5	984
CCCTCAAACAGATCTT	A	1	16
CCCTCAAACAGATCTT	A	2	8
CCCTCAAACAGATCTT	A	3	4641
CCCTCAAACAGATCTT	A	4	22
CCCTCAAACAGATCTT	A	5	50
CCCTCAAACAGATCTT	A	6	2
CCCTCAAACAGATTAC	A	0	14
CCCTCAAACAGATTAC	A	2	4289
CCCTCAAACAGATTAC	A	3	1
CCCTCAAACAGATTAC	A	4	12
CCCTCAAACAGATTAC	A	6	54
CCCTCAAACATCTGAG	A	0	124
CCCTCAAACATCTGAG	A	2	312559
CCCTCAAACATCTGAG	A	4	9
CCCTCAAACATCTGAG	A	6	6563
CCCTCAAACTGTTACA	A	1	73
CCCTCAAACTGTTACA	A	3	68860
CCCTCAAACTGTTACA	A	4	9
CCCTCAAACTGTTACA	A	5	804
CCCTCAAAGAGGGCAT	A	0	50
CCCTCAAAGAGGGCAT	A	2	121228
CCCTCAAAGAGGGCAT	A	4	8
CCCTCAAAGAGGGCAT	A	6	1663
CCCTCAAATCATGACA	A	1	123
CCCTCAAATCATGACA	A	3	147410
CCCTCAAATCATGACA	A	4	13
CCCTCAAATCATGACA	A	5	2279
CCTCAGGAAATCTTGC	A	0	2
CCTCAGGAAATCTTGC	A	2	376
CCTCAGGAAATCTTGC	A	4	19
CCTCAGGAAATCTTGC	A	6	6
CCTCAGGAAGTTGCGC	A	1	42
CCTCAGGAAGTTGCGC	A	3	69415
CCTCAGGAAGTTGCGC	A	4	1
CCTCAGGAAGTTGCGC	A	5	997
CCTCAGGACAGATCTT	A	1	94
CCTCAGGACAGATCTT	A	2	3
CCTCAGGACAGATCTT	A	3	93934
CCTCAGGACAGATCTT	A	4	15
CCTCAGGACAGATCTT	A	5	3483
CCTCAGGACAGATTAC	A	0	6
CCTCAGGACAGATTAC	A	2	27628
CCTCAGGACAGATTAC	A	4	15
CCTCAGGACAGATTAC	A	6	344
CCTCAGGACATCTGAG	A	0	75
CCTCAGGACATCTGAG	A	2	235324
CCTCAGGACATCTGAG	A	4	7
CCTCAGGACATCTGAG	A	6	4333
CCTCAGGACTGTTACA	A	1	69
CCTCAGGACTGTTACA	A	3	107998
CCTCAGGACTGTTACA	A	4	8
CCTCAGGACTGTTACA	A	5	1259
CCTCAGGAGAGGGCAT	A	0	19
CCTCAGGAGAGGGCAT	A	2	44157
CCTCAGGAGAGGGCAT	A	4	1
CCTCAGGAGAGGGCAT	A	6	842
CCTCAGGATCATGACA	A	1	133
CCTCAGGATCATGACA	A	3	124014
CCTCAGGATCATGACA	A	4	13
CCTCAGGATCATGACA	A	5	4164
CGACTACGAATCTTGC	A	0	429065
CGACTACGAATCTTGC	A	1	2
CGACTACGAATCTTGC	A	2	600
CGACTACGAATCTTGC	A	4	20
CGACTACGAATCTTGC	A	6	3663
CGACTACGAGTTGCGC	A	1	187868
CGACTACGAGTTGCGC	A	3	308
CGACTACGAGTTGCGC	A	4	3
CGACTACGAGTTGCGC	A	5	2224
CGACTACGCAGATCTT	A	0	12
CGACTACGCAGATCTT	A	1	319017
CGACTACGCAGATCTT	A	2	2
CGACTACGCAGATCTT	A	3	303
CGACTACGCAGATCTT	A	4	32
CGACTACGCAGATCTT	A	5	3820
CGACTACGCAGATTAC	A	0	316210
CGACTACGCAGATTAC	A	1	8
CGACTACGCAGATTAC	A	2	523
CGACTACGCAGATTAC	A	4	21
CGACTACGCAGATTAC	A	6	2766
CGACTACGCATCTGAG	A	0	447303
CGACTACGCATCTGAG	A	2	658
CGACTACGCATCTGAG	A	4	16
CGACTACGCATCTGAG	A	6	3846
CGACTACGCTGTTACA	A	1	304589
CGACTACGCTGTTACA	A	3	242
CGACTACGCTGTTACA	A	4	19
CGACTACGCTGTTACA	A	5	3631
CGACTACGGAGGGCAT	A	0	229809
CGACTACGGAGGGCAT	A	1	7
CGACTACGGAGGGCAT	A	2	303
CGACTACGGAGGGCAT	A	4	11
CGACTACGGAGGGCAT	A	6	1848
CGACTACGTCATGACA	A	0	1
CGACTACGTCATGACA	A	1	323411
CGACTACGTCATGACA	A	3	363
CGACTACGTCATGACA	A	4	29
CGACTACGTCATGACA	A	5	3822
CGACTTTAAATCTTGC	A	0	519
CGACTTTAAATCTTGC	A	2	111
CGACTTTAAATCTTGC	A	4	21
CGACTTTAAATCTTGC	A	6	9
CGACTTTAAGTTGCGC	A	1	1095
CGACTTTAAGTTGCGC	A	3	57507
CGACTTTAAGTTGCGC	A	5	1304
CGACTTTACAGATCTT	A	1	79
CGACTTTACAGATCTT	A	3	9166
CGACTTTACAGATCTT	A	4	9
CGACTTTACAGATCTT	A	5	287
CGACTTTACAGATTAC	A	0	69
CGACTTTACAGATTAC	A	2	17
CGACTTTACAGATTAC	A	4	4
CGACTTTACAGATTAC	A	6	2
CGACTTTACATCTGAG	A	0	1826
CGACTTTACATCTGAG	A	2	612
CGACTTTACATCTGAG	A	4	5
CGACTTTACATCTGAG	A	6	50
CGACTTTACTGTTACA	A	1	34
CGACTTTACTGTTACA	A	3	480
CGACTTTACTGTTACA	A	4	1
CGACTTTACTGTTACA	A	5	19
CGACTTTAGAGGGCAT	A	0	1106
CGACTTTAGAGGGCAT	A	2	174
CGACTTTAGAGGGCAT	A	4	8
CGACTTTAGAGGGCAT	A	6	23
CGACTTTATCATGACA	A	1	115
CGACTTTATCATGACA	A	3	3234
CGACTTTATCATGACA	A	4	6
CGACTTTATCATGACA	A	5	29
CGATACCGAATCTTGC	A	0	949
CGATACCGAATCTTGC	A	2	3814
CGATACCGAATCTTGC	A	4	37
CGATACCGAATCTTGC	A	6	56
CGATACCGAGTTGCGC	A	1	4334
CGATACCGAGTTGCGC	A	3	39005
CGATACCGAGTTGCGC	A	4	3
CGATACCGAGTTGCGC	A	5	708
CGATACCGCAGATCTT	A	0	1
CGATACCGCAGATCTT	A	1	41888
CGATACCGCAGATCTT	A	2	7
CGATACCGCAGATCTT	A	3	203171
CGATACCGCAGATCTT	A	4	28
CGATACCGCAGATCTT	A	5	4244
CGATACCGCAGATTAC	A	0	36692
CGATACCGCAGATTAC	A	2	160687
CGATACCGCAGATTAC	A	3	2
CGATACCGCAGATTAC	A	4	22
CGATACCGCAGATTAC	A	6	3919
CGATACCGCATCTGAG	A	0	55184
CGATACCGCATCTGAG	A	2	246486
CGATACCGCATCTGAG	A	4	26
CGATACCGCATCTGAG	A	6	5306
CGATACCGCTGTTACA	A	1	12302
CGATACCGCTGTTACA	A	3	49366
CGATACCGCTGTTACA	A	4	18
CGATACCGCTGTTACA	A	5	672
CGATACCGGAGGGCAT	A	0	921
CGATACCGGAGGGCAT	A	2	5983
CGATACCGGAGGGCAT	A	4	25
CGATACCGGAGGGCAT	A	6	78
CGATACCGTCATGACA	A	1	41492
CGATACCGTCATGACA	A	3	110442
CGATACCGTCATGACA	A	4	35
CGATACCGTCATGACA	A	5	3621
CGATCGATAATCTTGC	A	0	1714
CGATCGATAATCTTGC	A	2	526
CGATCGATAATCTTGC	A	4	17
CGATCGATAATCTTGC	A	6	93
CGATCGATAGTTGCGC	A	1	210
CGATCGATAGTTGCGC	A	3	20893
CGATCGATAGTTGCGC	A	5	540
CGATCGATCAGATCTT	A	1	1643
CGATCGATCAGATCTT	A	3	71262
CGATCGATCAGATCTT	A	4	3
CGATCGATCAGATCTT	A	5	4150
CGATCGATCAGATTAC	A	0	65
CGATCGATCAGATTAC	A	2	35
CGATCGATCAGATTAC	A	4	11
CGATCGATCAGATTAC	A	6	1
CGATCGATCATCTGAG	A	0	1449
CGATCGATCATCTGAG	A	2	506
CGATCGATCATCTGAG	A	4	7
CGATCGATCATCTGAG	A	6	112
CGATCGATCTGTTACA	A	1	226
CGATCGATCTGTTACA	A	3	5147
CGATCGATCTGTTACA	A	4	2
CGATCGATCTGTTACA	A	5	111
CGATCGATGAGGGCAT	A	0	569
CGATCGATGAGGGCAT	A	2	195
CGATCGATGAGGGCAT	A	3	1
CGATCGATGAGGGCAT	A	4	8
CGATCGATGAGGGCAT	A	6	19
CGATCGATTCATGACA	A	1	286
CGATCGATTCATGACA	A	3	4074
CGATCGATTCATGACA	A	4	6
CGATCGATTCATGACA	A	5	104
CGTATGGAAATCTTGC	A	0	1493
CGTATGGAAATCTTGC	A	2	402
CGTATGGAAATCTTGC	A	4	16
CGTATGGAAATCTTGC	A	6	54
CGTATGGAAGTTGCGC	A	1	188
CGTATGGAAGTTGCGC	A	3	45060
CGTATGGAAGTTGCGC	A	4	1
CGTATGGAAGTTGCGC	A	5	1245
CGTATGGACAGATCTT	A	1	88
CGTATGGACAGATCTT	A	2	1
CGTATGGACAGATCTT	A	3	1751
CGTATGGACAGATCTT	A	4	11
CGTATGGACAGATCTT	A	5	35
CGTATGGACAGATTAC	A	0	161
CGTATGGACAGATTAC	A	2	4528
CGTATGGACAGATTAC	A	4	11
CGTATGGACAGATTAC	A	6	160
CGTATGGACATCTGAG	A	0	1345
CGTATGGACATCTGAG	A	2	6233
CGTATGGACATCTGAG	A	4	8
CGTATGGACATCTGAG	A	6	159
CGTATGGACTGTTACA	A	1	46
CGTATGGACTGTTACA	A	3	907
CGTATGGACTGTTACA	A	4	5
CGTATGGACTGTTACA	A	5	23
CGTATGGAGAGGGCAT	A	0	215
CGTATGGAGAGGGCAT	A	2	5783
CGTATGGAGAGGGCAT	A	4	5
CGTATGGAGAGGGCAT	A	6	122
CGTATGGATCATGACA	A	1	517
CGTATGGATCATGACA	A	3	13615
CGTATGGATCATGACA	A	4	9
CGTATGGATCATGACA	A	5	223
CGTCGGTAAATCTTGC	A	0	421
CGTCGGTAAATCTTGC	A	2	166
CGTCGGTAAATCTTGC	A	4	7
CGTCGGTAAATCTTGC	A	6	11
CGTCGGTAAGTTGCGC	A	1	1076
CGTCGGTAAGTTGCGC	A	3	70572
CGTCGGTAAGTTGCGC	A	4	1
CGTCGGTAAGTTGCGC	A	5	1038
CGTCGGTACAGATCTT	A	1	332
CGTCGGTACAGATCTT	A	3	6169
CGTCGGTACAGATCTT	A	4	13
CGTCGGTACAGATCTT	A	5	224
CGTCGGTACAGATTAC	A	0	50
CGTCGGTACAGATTAC	A	2	73
CGTCGGTACAGATTAC	A	4	15
CGTCGGTACATCTGAG	A	0	1539
CGTCGGTACATCTGAG	A	2	571
CGTCGGTACATCTGAG	A	4	12
CGTCGGTACATCTGAG	A	6	53
CGTCGGTACTGTTACA	A	1	1189
CGTCGGTACTGTTACA	A	3	29095
CGTCGGTACTGTTACA	A	4	8
CGTCGGTACTGTTACA	A	5	612
CGTCGGTAGAGGGCAT	A	0	212
CGTCGGTAGAGGGCAT	A	2	58
CGTCGGTAGAGGGCAT	A	4	9
CGTCGGTAGAGGGCAT	A	6	8
CGTCGGTATCATGACA	A	1	168
CGTCGGTATCATGACA	A	3	8165
CGTCGGTATCATGACA	A	4	11
CGTCGGTATCATGACA	A	5	125
CTACACTGAATCTTGC	A	0	3000
CTACACTGAATCTTGC	A	2	59
CTACACTGAATCTTGC	A	6	39
CTACACTGAGTTGCGC	A	1	17588
CTACACTGAGTTGCGC	A	3	15852
CTACACTGAGTTGCGC	A	5	714
CTACACTGCAGATCTT	A	1	12160
CTACACTGCAGATCTT	A	3	3965
CTACACTGCAGATCTT	A	4	4
CTACACTGCAGATCTT	A	5	336
CTACACTGCAGATTAC	A	0	2919
CTACACTGCAGATTAC	A	2	48
CTACACTGCAGATTAC	A	4	3
CTACACTGCAGATTAC	A	6	38
CTACACTGCATCTGAG	A	0	2347
CTACACTGCATCTGAG	A	2	47
CTACACTGCATCTGAG	A	4	1
CTACACTGCATCTGAG	A	6	31
CTACACTGCTGTTACA	A	1	105763
CTACACTGCTGTTACA	A	3	42282
CTACACTGCTGTTACA	A	4	4
CTACACTGCTGTTACA	A	5	2992
CTACACTGGAGGGCAT	A	0	4082
CTACACTGGAGGGCAT	A	2	57
CTACACTGGAGGGCAT	A	4	1
CTACACTGGAGGGCAT	A	6	46
CTACACTGTCATGACA	A	1	8624
CTACACTGTCATGACA	A	3	4084
CTACACTGTCATGACA	A	4	3
CTACACTGTCATGACA	A	5	234
CTACGGACAATCTTGC	A	0	35688
CTACGGACAATCTTGC	A	2	394
CTACGGACAATCTTGC	A	4	26
CTACGGACAATCTTGC	A	6	342
CTACGGACAGTTGCGC	A	1	86614
CTACGGACAGTTGCGC	A	3	1639
CTACGGACAGTTGCGC	A	4	4
CTACGGACAGTTGCGC	A	5	1064
CTACGGACCAGATCTT	A	0	19
CTACGGACCAGATCTT	A	1	313141
CTACGGACCAGATCTT	A	3	6388
CTACGGACCAGATCTT	A	4	60
CTACGGACCAGATCTT	A	5	4278
CTACGGACCAGATCTT	A	6	1
CTACGGACCAGATTAC	A	0	357668
CTACGGACCAGATTAC	A	1	3
CTACGGACCAGATTAC	A	2	2323
CTACGGACCAGATTAC	A	4	33
CTACGGACCAGATTAC	A	6	4076
CTACGGACCATCTGAG	A	0	456494
CTACGGACCATCTGAG	A	1	1
CTACGGACCATCTGAG	A	2	5395
CTACGGACCATCTGAG	A	4	24
CTACGGACCATCTGAG	A	6	4997
CTACGGACCTGTTACA	A	0	1
CTACGGACCTGTTACA	A	1	139072
CTACGGACCTGTTACA	A	3	1366
CTACGGACCTGTTACA	A	4	28
CTACGGACCTGTTACA	A	5	1553
CTACGGACGAGGGCAT	A	0	413152
CTACGGACGAGGGCAT	A	1	4
CTACGGACGAGGGCAT	A	2	3074
CTACGGACGAGGGCAT	A	4	17
CTACGGACGAGGGCAT	A	6	4532
CTACGGACTCATGACA	A	1	281393
CTACGGACTCATGACA	A	3	3030
CTACGGACTCATGACA	A	4	36
CTACGGACTCATGACA	A	5	3856
CTCTGTAGAATCTTGC	A	0	76636
CTCTGTAGAATCTTGC	A	1	1
CTCTGTAGAATCTTGC	A	2	306
CTCTGTAGAATCTTGC	A	4	6
CTCTGTAGAATCTTGC	A	6	864
CTCTGTAGAGTTGCGC	A	1	82993
CTCTGTAGAGTTGCGC	A	3	6427
CTCTGTAGAGTTGCGC	A	5	1421
CTCTGTAGCAGATCTT	A	0	1
CTCTGTAGCAGATCTT	A	1	246542
CTCTGTAGCAGATCTT	A	3	8366
CTCTGTAGCAGATCTT	A	4	14
CTCTGTAGCAGATCTT	A	5	3993
CTCTGTAGCAGATTAC	A	0	27436
CTCTGTAGCAGATTAC	A	1	1
CTCTGTAGCAGATTAC	A	2	128
CTCTGTAGCAGATTAC	A	4	4
CTCTGTAGCAGATTAC	A	6	290
CTCTGTAGCATCTGAG	A	0	132402
CTCTGTAGCATCTGAG	A	2	555
CTCTGTAGCATCTGAG	A	4	2
CTCTGTAGCATCTGAG	A	6	1559
CTCTGTAGCTGTTACA	A	1	103356
CTCTGTAGCTGTTACA	A	3	3753
CTCTGTAGCTGTTACA	A	4	1
CTCTGTAGCTGTTACA	A	5	1540
CTCTGTAGGAGGGCAT	A	0	51544
CTCTGTAGGAGGGCAT	A	1	3
CTCTGTAGGAGGGCAT	A	2	153
CTCTGTAGGAGGGCAT	A	4	9
CTCTGTAGGAGGGCAT	A	6	645
CTCTGTAGTCATGACA	A	1	175771
CTCTGTAGTCATGACA	A	3	6297
CTCTGTAGTCATGACA	A	4	4
CTCTGTAGTCATGACA	A	5	2753
CTGAGGTCAATCTTGC	A	0	1044
CTGAGGTCAATCTTGC	A	2	341
CTGAGGTCAATCTTGC	A	4	1
CTGAGGTCAATCTTGC	A	6	44
CTGAGGTCAGTTGCGC	A	1	223
CTGAGGTCAGTTGCGC	A	3	16480
CTGAGGTCAGTTGCGC	A	4	2
CTGAGGTCAGTTGCGC	A	5	422
CTGAGGTCCAGATCTT	A	1	314
CTGAGGTCCAGATCTT	A	3	1519
CTGAGGTCCAGATCTT	A	4	3
CTGAGGTCCAGATCTT	A	5	19
CTGAGGTCCAGATTAC	A	0	154
CTGAGGTCCAGATTAC	A	2	45
CTGAGGTCCAGATTAC	A	4	5
CTGAGGTCCAGATTAC	A	6	5
CTGAGGTCCATCTGAG	A	0	3406
CTGAGGTCCATCTGAG	A	2	1473
CTGAGGTCCATCTGAG	A	4	2
CTGAGGTCCATCTGAG	A	6	128
CTGAGGTCCTGTTACA	A	1	179
CTGAGGTCCTGTTACA	A	3	1300
CTGAGGTCCTGTTACA	A	4	1
CTGAGGTCCTGTTACA	A	5	22
CTGAGGTCGAGGGCAT	A	0	183
CTGAGGTCGAGGGCAT	A	2	37
CTGAGGTCGAGGGCAT	A	6	4
CTGAGGTCTCATGACA	A	1	264
CTGAGGTCTCATGACA	A	3	2718
CTGAGGTCTCATGACA	A	4	1
CTGAGGTCTCATGACA	A	5	83
CTTTGGGTAATCTTGC	A	0	4712
CTTTGGGTAATCTTGC	A	2	1421
CTTTGGGTAATCTTGC	A	3	1
CTTTGGGTAATCTTGC	A	4	27
CTTTGGGTAATCTTGC	A	6	176
CTTTGGGTAGTTGCGC	A	1	454
CTTTGGGTAGTTGCGC	A	3	60160
CTTTGGGTAGTTGCGC	A	5	1443
CTTTGGGTCAGATCTT	A	0	3
CTTTGGGTCAGATCTT	A	1	401
CTTTGGGTCAGATCTT	A	2	1
CTTTGGGTCAGATCTT	A	3	1472
CTTTGGGTCAGATCTT	A	4	32
CTTTGGGTCAGATCTT	A	5	28
CTTTGGGTCAGATTAC	A	0	934
CTTTGGGTCAGATTAC	A	2	262
CTTTGGGTCAGATTAC	A	4	40
CTTTGGGTCAGATTAC	A	6	19
CTTTGGGTCATCTGAG	A	0	1946
CTTTGGGTCATCTGAG	A	2	959
CTTTGGGTCATCTGAG	A	4	38
CTTTGGGTCATCTGAG	A	6	87
CTTTGGGTCTGTTACA	A	1	269
CTTTGGGTCTGTTACA	A	3	6837
CTTTGGGTCTGTTACA	A	4	12
CTTTGGGTCTGTTACA	A	5	292
CTTTGGGTGAGGGCAT	A	0	17188
CTTTGGGTGAGGGCAT	A	2	3118
CTTTGGGTGAGGGCAT	A	4	15
CTTTGGGTGAGGGCAT	A	6	460
CTTTGGGTTCATGACA	A	1	341
CTTTGGGTTCATGACA	A	3	1057
CTTTGGGTTCATGACA	A	4	37
CTTTGGGTTCATGACA	A	5	41
GAACGGTGAATCTTGC	A	0	15
GAACGGTGAATCTTGC	A	2	2511
GAACGGTGAATCTTGC	A	3	1
GAACGGTGAATCTTGC	A	4	30
GAACGGTGAATCTTGC	A	6	35
GAACGGTGAGTTGCGC	A	1	79
GAACGGTGAGTTGCGC	A	3	46918
GAACGGTGAGTTGCGC	A	4	2
GAACGGTGAGTTGCGC	A	5	718
GAACGGTGCAGATCTT	A	1	125
GAACGGTGCAGATCTT	A	2	6
GAACGGTGCAGATCTT	A	3	402
GAACGGTGCAGATCTT	A	4	27
GAACGGTGCAGATCTT	A	5	5
GAACGGTGCAGATTAC	A	0	33
GAACGGTGCAGATTAC	A	2	94953
GAACGGTGCAGATTAC	A	4	27
GAACGGTGCAGATTAC	A	6	2145
GAACGGTGCATCTGAG	A	0	1700
GAACGGTGCATCTGAG	A	2	203224
GAACGGTGCATCTGAG	A	4	12
GAACGGTGCATCTGAG	A	6	2656
GAACGGTGCTGTTACA	A	1	1189
GAACGGTGCTGTTACA	A	3	64759
GAACGGTGCTGTTACA	A	4	10
GAACGGTGCTGTTACA	A	5	737
GAACGGTGGAGGGCAT	A	0	2
GAACGGTGGAGGGCAT	A	2	43
GAACGGTGGAGGGCAT	A	4	7
GAACGGTGGAGGGCAT	A	6	3
GAACGGTGTCATGACA	A	1	8169
GAACGGTGTCATGACA	A	3	96951
GAACGGTGTCATGACA	A	4	39
GAACGGTGTCATGACA	A	5	1383
GAAGACTCAATCTTGC	A	0	17363
GAAGACTCAATCTTGC	A	2	2190
GAAGACTCAATCTTGC	A	4	11
GAAGACTCAATCTTGC	A	6	491
GAAGACTCAGTTGCGC	A	1	1160
GAAGACTCAGTTGCGC	A	3	58602
GAAGACTCAGTTGCGC	A	5	1317
GAAGACTCCAGATCTT	A	0	2
GAAGACTCCAGATCTT	A	1	729
GAAGACTCCAGATCTT	A	3	12163
GAAGACTCCAGATCTT	A	4	14
GAAGACTCCAGATCTT	A	5	264
GAAGACTCCAGATTAC	A	0	3024
GAAGACTCCAGATTAC	A	2	163
GAAGACTCCAGATTAC	A	4	11
GAAGACTCCAGATTAC	A	6	81
GAAGACTCCATCTGAG	A	0	6937
GAAGACTCCATCTGAG	A	2	593
GAAGACTCCATCTGAG	A	4	4
GAAGACTCCATCTGAG	A	6	206
GAAGACTCCTGTTACA	A	1	2978
GAAGACTCCTGTTACA	A	3	42641
GAAGACTCCTGTTACA	A	4	10
GAAGACTCCTGTTACA	A	5	662
GAAGACTCGAGGGCAT	A	0	1587
GAAGACTCGAGGGCAT	A	2	105
GAAGACTCGAGGGCAT	A	4	2
GAAGACTCGAGGGCAT	A	6	35
GAAGACTCTCATGACA	A	1	272
GAAGACTCTCATGACA	A	3	3758
GAAGACTCTCATGACA	A	4	10
GAAGACTCTCATGACA	A	5	106
GAATGGATAATCTTGC	A	0	290
GAATGGATAATCTTGC	A	2	147
GAATGGATAATCTTGC	A	4	65
GAATGGATAATCTTGC	A	6	7
GAATGGATAGTTGCGC	A	1	244
GAATGGATAGTTGCGC	A	3	28964
GAATGGATAGTTGCGC	A	4	5
GAATGGATAGTTGCGC	A	5	883
GAATGGATCAGATCTT	A	1	1989
GAATGGATCAGATCTT	A	3	81973
GAATGGATCAGATCTT	A	4	131
GAATGGATCAGATCTT	A	5	1517
GAATGGATCAGATTAC	A	0	47
GAATGGATCAGATTAC	A	2	35
GAATGGATCAGATTAC	A	3	1
GAATGGATCAGATTAC	A	4	46
GAATGGATCATCTGAG	A	0	966
GAATGGATCATCTGAG	A	2	646
GAATGGATCATCTGAG	A	4	20
GAATGGATCATCTGAG	A	6	54
GAATGGATCTGTTACA	A	1	398
GAATGGATCTGTTACA	A	3	20124
GAATGGATCTGTTACA	A	4	124
GAATGGATCTGTTACA	A	5	340
GAATGGATGAGGGCAT	A	0	139
GAATGGATGAGGGCAT	A	2	63
GAATGGATGAGGGCAT	A	4	14
GAATGGATGAGGGCAT	A	6	3
GAATGGATTCATGACA	A	1	377
GAATGGATTCATGACA	A	3	8631
GAATGGATTCATGACA	A	4	217
GAATGGATTCATGACA	A	5	127
GACATGTTAATCTTGC	A	0	873
GACATGTTAATCTTGC	A	2	371
GACATGTTAATCTTGC	A	4	10
GACATGTTAATCTTGC	A	6	30
GACATGTTAGTTGCGC	A	1	690
GACATGTTAGTTGCGC	A	3	56709
GACATGTTAGTTGCGC	A	5	1222
GACATGTTCAGATCTT	A	0	1
GACATGTTCAGATCTT	A	1	6
GACATGTTCAGATCTT	A	2	2
GACATGTTCAGATCTT	A	3	723
GACATGTTCAGATCTT	A	4	27
GACATGTTCAGATCTT	A	5	34
GACATGTTCAGATTAC	A	0	129
GACATGTTCAGATTAC	A	2	4549
GACATGTTCAGATTAC	A	3	1
GACATGTTCAGATTAC	A	4	21
GACATGTTCAGATTAC	A	6	173
GACATGTTCATCTGAG	A	0	783
GACATGTTCATCTGAG	A	2	6700
GACATGTTCATCTGAG	A	4	9
GACATGTTCATCTGAG	A	6	135
GACATGTTCTGTTACA	A	1	88
GACATGTTCTGTTACA	A	3	3860
GACATGTTCTGTTACA	A	4	13
GACATGTTCTGTTACA	A	5	46
GACATGTTGAGGGCAT	A	0	393
GACATGTTGAGGGCAT	A	2	6042
GACATGTTGAGGGCAT	A	3	1
GACATGTTGAGGGCAT	A	4	2
GACATGTTGAGGGCAT	A	6	135
GACATGTTTCATGACA	A	1	38
GACATGTTTCATGACA	A	3	506
GACATGTTTCATGACA	A	4	43
GACATGTTTCATGACA	A	5	10
GAGAGTGCAATCTTGC	A	0	8
GAGAGTGCAATCTTGC	A	2	3808
GAGAGTGCAATCTTGC	A	4	58
GAGAGTGCAATCTTGC	A	6	28
GAGAGTGCAGTTGCGC	A	1	57
GAGAGTGCAGTTGCGC	A	3	62223
GAGAGTGCAGTTGCGC	A	4	1
GAGAGTGCAGTTGCGC	A	5	816
GAGAGTGCCAGATCTT	A	1	36
GAGAGTGCCAGATCTT	A	2	27
GAGAGTGCCAGATCTT	A	3	1623
GAGAGTGCCAGATCTT	A	4	67
GAGAGTGCCAGATCTT	A	5	13
GAGAGTGCCAGATCTT	A	6	3
GAGAGTGCCAGATTAC	A	0	69
GAGAGTGCCAGATTAC	A	2	211203
GAGAGTGCCAGATTAC	A	4	50
GAGAGTGCCAGATTAC	A	6	7287
GAGAGTGCCATCTGAG	A	0	93
GAGAGTGCCATCTGAG	A	2	297614
GAGAGTGCCATCTGAG	A	3	1
GAGAGTGCCATCTGAG	A	4	53
GAGAGTGCCATCTGAG	A	6	4614
GAGAGTGCCTGTTACA	A	1	86
GAGAGTGCCTGTTACA	A	3	101057
GAGAGTGCCTGTTACA	A	4	24
GAGAGTGCCTGTTACA	A	5	1382
GAGAGTGCGAGGGCAT	A	0	64
GAGAGTGCGAGGGCAT	A	2	265422
GAGAGTGCGAGGGCAT	A	4	30
GAGAGTGCGAGGGCAT	A	6	5646
GAGAGTGCTCATGACA	A	1	169
GAGAGTGCTCATGACA	A	3	163304
GAGAGTGCTCATGACA	A	4	52
GAGAGTGCTCATGACA	A	5	2071
GAGCAGAAAATCTTGC	A	0	2105
GAGCAGAAAATCTTGC	A	2	530
GAGCAGAAAATCTTGC	A	4	10
GAGCAGAAAATCTTGC	A	6	30
GAGCAGAAAGTTGCGC	A	1	623
GAGCAGAAAGTTGCGC	A	3	58315
GAGCAGAAAGTTGCGC	A	4	1
GAGCAGAAAGTTGCGC	A	5	1538
GAGCAGAACAGATCTT	A	1	78
GAGCAGAACAGATCTT	A	3	122
GAGCAGAACAGATCTT	A	4	5
GAGCAGAACAGATCTT	A	5	2
GAGCAGAACAGATTAC	A	0	144
GAGCAGAACAGATTAC	A	2	61
GAGCAGAACAGATTAC	A	4	12
GAGCAGAACAGATTAC	A	6	3
GAGCAGAACATCTGAG	A	0	3277
GAGCAGAACATCTGAG	A	2	1360
GAGCAGAACATCTGAG	A	4	11
GAGCAGAACATCTGAG	A	6	161
GAGCAGAACTGTTACA	A	1	177
GAGCAGAACTGTTACA	A	3	1852
GAGCAGAACTGTTACA	A	4	4
GAGCAGAACTGTTACA	A	5	24
GAGCAGAAGAGGGCAT	A	0	326
GAGCAGAAGAGGGCAT	A	2	119
GAGCAGAAGAGGGCAT	A	4	4
GAGCAGAAGAGGGCAT	A	6	13
GAGCAGAATCATGACA	A	1	198
GAGCAGAATCATGACA	A	3	2838
GAGCAGAATCATGACA	A	4	9
GAGCAGAATCATGACA	A	5	40
GAGTCATGAATCTTGC	A	0	4
GAGTCATGAATCTTGC	A	2	12272
GAGTCATGAATCTTGC	A	4	25
GAGTCATGAATCTTGC	A	6	226
GAGTCATGAGTTGCGC	A	1	49
GAGTCATGAGTTGCGC	A	3	63912
GAGTCATGAGTTGCGC	A	4	1
GAGTCATGAGTTGCGC	A	5	787
GAGTCATGCAGATCTT	A	1	20
GAGTCATGCAGATCTT	A	2	14
GAGTCATGCAGATCTT	A	3	8911
GAGTCATGCAGATCTT	A	4	31
GAGTCATGCAGATCTT	A	5	173
GAGTCATGCAGATTAC	A	0	37
GAGTCATGCAGATTAC	A	2	88508
GAGTCATGCAGATTAC	A	4	21
GAGTCATGCAGATTAC	A	6	1615
GAGTCATGCATCTGAG	A	0	34
GAGTCATGCATCTGAG	A	2	98220
GAGTCATGCATCTGAG	A	4	19
GAGTCATGCATCTGAG	A	6	1843
GAGTCATGCTGTTACA	A	1	72
GAGTCATGCTGTTACA	A	3	95648
GAGTCATGCTGTTACA	A	4	13
GAGTCATGCTGTTACA	A	5	1952
GAGTCATGGAGGGCAT	A	0	47
GAGTCATGGAGGGCAT	A	2	143377
GAGTCATGGAGGGCAT	A	4	11
GAGTCATGGAGGGCAT	A	6	3783
GAGTCATGTCATGACA	A	1	58
GAGTCATGTCATGACA	A	3	82538
GAGTCATGTCATGACA	A	4	24
GAGTCATGTCATGACA	A	5	1037
GATAGAACAATCTTGC	A	0	9782
GATAGAACAATCTTGC	A	2	740
GATAGAACAATCTTGC	A	4	2
GATAGAACAATCTTGC	A	6	274
GATAGAACAGTTGCGC	A	1	856
GATAGAACAGTTGCGC	A	3	53330
GATAGAACAGTTGCGC	A	4	1
GATAGAACAGTTGCGC	A	5	1900
GATAGAACCAGATCTT	A	0	1
GATAGAACCAGATCTT	A	1	320
GATAGAACCAGATCTT	A	3	7575
GATAGAACCAGATCTT	A	4	6
GATAGAACCAGATCTT	A	5	145
GATAGAACCAGATTAC	A	0	983
GATAGAACCAGATTAC	A	2	283
GATAGAACCAGATTAC	A	4	4
GATAGAACCAGATTAC	A	6	31
GATAGAACCATCTGAG	A	0	21092
GATAGAACCATCTGAG	A	2	1237
GATAGAACCATCTGAG	A	4	2
GATAGAACCATCTGAG	A	6	572
GATAGAACCTGTTACA	A	1	447
GATAGAACCTGTTACA	A	3	7459
GATAGAACCTGTTACA	A	4	6
GATAGAACCTGTTACA	A	5	180
GATAGAACGAGGGCAT	A	0	3343
GATAGAACGAGGGCAT	A	2	347
GATAGAACGAGGGCAT	A	4	3
GATAGAACGAGGGCAT	A	6	78
GATAGAACTCATGACA	A	1	298
GATAGAACTCATGACA	A	3	7095
GATAGAACTCATGACA	A	4	10
GATAGAACTCATGACA	A	5	162
GCACAGCTAATCTTGC	A	0	22896
GCACAGCTAATCTTGC	A	2	13842
GCACAGCTAATCTTGC	A	3	1
GCACAGCTAATCTTGC	A	4	59
GCACAGCTAATCTTGC	A	6	526
GCACAGCTAGTTGCGC	A	1	8833
GCACAGCTAGTTGCGC	A	3	77770
GCACAGCTAGTTGCGC	A	4	2
GCACAGCTAGTTGCGC	A	5	1633
GCACAGCTCAGATCTT	A	0	6
GCACAGCTCAGATCTT	A	1	47454
GCACAGCTCAGATCTT	A	2	4
GCACAGCTCAGATCTT	A	3	159547
GCACAGCTCAGATCTT	A	4	46
GCACAGCTCAGATCTT	A	5	4472
GCACAGCTCAGATCTT	A	6	1
GCACAGCTCAGATTAC	A	0	77647
GCACAGCTCAGATTAC	A	2	28199
GCACAGCTCAGATTAC	A	4	94
GCACAGCTCAGATTAC	A	6	1383
GCACAGCTCATCTGAG	A	0	139978
GCACAGCTCATCTGAG	A	2	76481
GCACAGCTCATCTGAG	A	3	1
GCACAGCTCATCTGAG	A	4	94
GCACAGCTCATCTGAG	A	6	3263
GCACAGCTCTGTTACA	A	0	1
GCACAGCTCTGTTACA	A	1	96030
GCACAGCTCTGTTACA	A	3	74108
GCACAGCTCTGTTACA	A	4	12
GCACAGCTCTGTTACA	A	5	4589
GCACAGCTGAGGGCAT	A	0	136096
GCACAGCTGAGGGCAT	A	2	93716
GCACAGCTGAGGGCAT	A	4	58
GCACAGCTGAGGGCAT	A	6	3345
GCACAGCTTCATGACA	A	1	65714
GCACAGCTTCATGACA	A	3	128571
GCACAGCTTCATGACA	A	4	41
GCACAGCTTCATGACA	A	5	3123
GCCATTATAATCTTGC	A	0	3135
GCCATTATAATCTTGC	A	2	27595
GCCATTATAATCTTGC	A	4	25
GCCATTATAATCTTGC	A	6	772
GCCATTATAGTTGCGC	A	1	112
GCCATTATAGTTGCGC	A	3	10688
GCCATTATAGTTGCGC	A	5	228
GCCATTATCAGATCTT	A	1	249
GCCATTATCAGATCTT	A	2	1
GCCATTATCAGATCTT	A	3	7655
GCCATTATCAGATCTT	A	4	8
GCCATTATCAGATCTT	A	5	102
GCCATTATCAGATTAC	A	0	85
GCCATTATCAGATTAC	A	2	351
GCCATTATCAGATTAC	A	4	20
GCCATTATCAGATTAC	A	6	7
GCCATTATCATCTGAG	A	0	43620
GCCATTATCATCTGAG	A	2	313046
GCCATTATCATCTGAG	A	4	16
GCCATTATCATCTGAG	A	6	6634
GCCATTATCTGTTACA	A	1	1095
GCCATTATCTGTTACA	A	3	30533
GCCATTATCTGTTACA	A	4	4
GCCATTATCTGTTACA	A	5	549
GCCATTATGAGGGCAT	A	0	640
GCCATTATGAGGGCAT	A	2	4590
GCCATTATGAGGGCAT	A	3	1
GCCATTATGAGGGCAT	A	4	8
GCCATTATGAGGGCAT	A	6	105
GCCATTATTCATGACA	A	1	8971
GCCATTATTCATGACA	A	3	145730
GCCATTATTCATGACA	A	4	16
GCCATTATTCATGACA	A	5	2185
GCCGAGAAAATCTTGC	A	0	7902
GCCGAGAAAATCTTGC	A	2	556
GCCGAGAAAATCTTGC	A	4	7958
GCCGAGAAAATCTTGC	A	6	216
GCCGAGAAAGTTGCGC	A	1	239
GCCGAGAAAGTTGCGC	A	3	12200
GCCGAGAAAGTTGCGC	A	4	31
GCCGAGAAAGTTGCGC	A	5	283
GCCGAGAACAGATCTT	A	0	2
GCCGAGAACAGATCTT	A	1	19
GCCGAGAACAGATCTT	A	3	167
GCCGAGAACAGATCTT	A	4	5483
GCCGAGAACAGATCTT	A	5	3
GCCGAGAACAGATTAC	A	0	2304
GCCGAGAACAGATTAC	A	2	153
GCCGAGAACAGATTAC	A	4	10279
GCCGAGAACAGATTAC	A	6	43
GCCGAGAACATCTGAG	A	0	15821
GCCGAGAACATCTGAG	A	2	1016
GCCGAGAACATCTGAG	A	4	7843
GCCGAGAACATCTGAG	A	6	370
GCCGAGAACTGTTACA	A	1	48
GCCGAGAACTGTTACA	A	3	296
GCCGAGAACTGTTACA	A	4	7155
GCCGAGAACTGTTACA	A	5	16
GCCGAGAAGAGGGCAT	A	0	3718
GCCGAGAAGAGGGCAT	A	2	225
GCCGAGAAGAGGGCAT	A	4	631
GCCGAGAAGAGGGCAT	A	6	84
GCCGAGAATCATGACA	A	1	40
GCCGAGAATCATGACA	A	3	137
GCCGAGAATCATGACA	A	4	24912
GCCGAGAATCATGACA	A	5	5
GCGAAATAAATCTTGC	A	0	2046
GCGAAATAAATCTTGC	A	2	665
GCGAAATAAATCTTGC	A	4	10
GCGAAATAAATCTTGC	A	6	40
GCGAAATAAGTTGCGC	A	1	23
GCGAAATAAGTTGCGC	A	3	46
GCGAAATAAGTTGCGC	A	4	3
GCGAAATACAGATCTT	A	1	59
GCGAAATACAGATCTT	A	3	220
GCGAAATACAGATCTT	A	4	47
GCGAAATACAGATCTT	A	5	5
GCGAAATACAGATTAC	A	0	272
GCGAAATACAGATTAC	A	2	180
GCGAAATACAGATTAC	A	4	16
GCGAAATACAGATTAC	A	6	9
GCGAAATACATCTGAG	A	0	4356
GCGAAATACATCTGAG	A	2	1222
GCGAAATACATCTGAG	A	4	15
GCGAAATACATCTGAG	A	6	118
GCGAAATACTGTTACA	A	1	89
GCGAAATACTGTTACA	A	3	33
GCGAAATACTGTTACA	A	4	45
GCGAAATACTGTTACA	A	5	1
GCGAAATAGAGGGCAT	A	0	2208
GCGAAATAGAGGGCAT	A	2	626
GCGAAATAGAGGGCAT	A	4	8
GCGAAATAGAGGGCAT	A	6	43
GCGAAATATCATGACA	A	1	103
GCGAAATATCATGACA	A	3	92
GCGAAATATCATGACA	A	4	43
GCGAAATATCATGACA	A	5	3
GCGCGAATAATCTTGC	A	0	222264
GCGCGAATAATCTTGC	A	1	1
GCGCGAATAATCTTGC	A	2	89729
GCGCGAATAATCTTGC	A	3	1
GCGCGAATAATCTTGC	A	4	133
GCGCGAATAATCTTGC	A	6	5263
GCGCGAATAGTTGCGC	A	0	1
GCGCGAATAGTTGCGC	A	1	30129
GCGCGAATAGTTGCGC	A	3	39947
GCGCGAATAGTTGCGC	A	4	3
GCGCGAATAGTTGCGC	A	5	1198
GCGCGAATCAGATCTT	A	0	17
GCGCGAATCAGATCTT	A	1	108883
GCGCGAATCAGATCTT	A	2	15
GCGCGAATCAGATCTT	A	3	141395
GCGCGAATCAGATCTT	A	4	163
GCGCGAATCAGATCTT	A	5	3927
GCGCGAATCAGATTAC	A	0	162235
GCGCGAATCAGATTAC	A	1	1
GCGCGAATCAGATTAC	A	2	89989
GCGCGAATCAGATTAC	A	4	82
GCGCGAATCAGATTAC	A	6	3917
GCGCGAATCATCTGAG	A	0	225763
GCGCGAATCATCTGAG	A	1	1
GCGCGAATCATCTGAG	A	2	95637
GCGCGAATCATCTGAG	A	4	74
GCGCGAATCATCTGAG	A	6	4714
GCGCGAATCTGTTACA	A	1	102978
GCGCGAATCTGTTACA	A	3	21206
GCGCGAATCTGTTACA	A	4	57
GCGCGAATCTGTTACA	A	5	1798
GCGCGAATCTGTTACA	A	6	1
GCGCGAATGAGGGCAT	A	0	261881
GCGCGAATGAGGGCAT	A	1	4
GCGCGAATGAGGGCAT	A	2	102539
GCGCGAATGAGGGCAT	A	3	1
GCGCGAATGAGGGCAT	A	4	55
GCGCGAATGAGGGCAT	A	5	1
GCGCGAATGAGGGCAT	A	6	4526
GCGCGAATTCATGACA	A	1	189907
GCGCGAATTCATGACA	A	3	63136
GCGCGAATTCATGACA	A	4	174
GCGCGAATTCATGACA	A	5	3767
GCGCGAATTCATGACA	A	6	1
GCGCTTACAATCTTGC	A	0	83
GCGCTTACAATCTTGC	A	2	238544
GCGCTTACAATCTTGC	A	4	39
GCGCTTACAATCTTGC	A	6	3221
GCGCTTACAGTTGCGC	A	1	58
GCGCTTACAGTTGCGC	A	3	57513
GCGCTTACAGTTGCGC	A	5	1111
GCGCTTACCAGATCTT	A	1	2920
GCGCTTACCAGATCTT	A	2	16
GCGCTTACCAGATCTT	A	3	142462
GCGCTTACCAGATCTT	A	4	36
GCGCTTACCAGATCTT	A	5	2023
GCGCTTACCAGATCTT	A	6	1
GCGCTTACCAGATTAC	A	0	140
GCGCTTACCAGATTAC	A	2	148585
GCGCTTACCAGATTAC	A	4	19
GCGCTTACCAGATTAC	A	6	2671
GCGCTTACCATCTGAG	A	0	63
GCGCTTACCATCTGAG	A	2	187838
GCGCTTACCATCTGAG	A	4	36
GCGCTTACCATCTGAG	A	6	3651
GCGCTTACCTGTTACA	A	1	87
GCGCTTACCTGTTACA	A	3	85897
GCGCTTACCTGTTACA	A	4	19
GCGCTTACCTGTTACA	A	5	1025
GCGCTTACGAGGGCAT	A	0	83
GCGCTTACGAGGGCAT	A	2	241687
GCGCTTACGAGGGCAT	A	3	2
GCGCTTACGAGGGCAT	A	4	30
GCGCTTACGAGGGCAT	A	6	4824
GCGCTTACTCATGACA	A	1	4977
GCGCTTACTCATGACA	A	2	1
GCGCTTACTCATGACA	A	3	157195
GCGCTTACTCATGACA	A	4	37
GCGCTTACTCATGACA	A	5	2089
GCGGGTTTAATCTTGC	A	0	286
GCGGGTTTAATCTTGC	A	2	263310
GCGGGTTTAATCTTGC	A	3	2
GCGGGTTTAATCTTGC	A	4	166
GCGGGTTTAATCTTGC	A	6	6982
GCGGGTTTAGTTGCGC	A	1	1993
GCGGGTTTAGTTGCGC	A	3	80034
GCGGGTTTAGTTGCGC	A	4	8
GCGGGTTTAGTTGCGC	A	5	1453
GCGGGTTTCAGATCTT	A	1	6787
GCGGGTTTCAGATCTT	A	2	24
GCGGGTTTCAGATCTT	A	3	121765
GCGGGTTTCAGATCTT	A	4	266
GCGGGTTTCAGATCTT	A	5	3115
GCGGGTTTCAGATTAC	A	0	187
GCGGGTTTCAGATTAC	A	2	194077
GCGGGTTTCAGATTAC	A	4	374
GCGGGTTTCAGATTAC	A	6	3497
GCGGGTTTCATCTGAG	A	0	1721
GCGGGTTTCATCTGAG	A	2	264696
GCGGGTTTCATCTGAG	A	4	399
GCGGGTTTCATCTGAG	A	6	7062
GCGGGTTTCTGTTACA	A	1	6416
GCGGGTTTCTGTTACA	A	3	42600
GCGGGTTTCTGTTACA	A	4	130
GCGGGTTTCTGTTACA	A	5	592
GCGGGTTTGAGGGCAT	A	0	285
GCGGGTTTGAGGGCAT	A	2	215025
GCGGGTTTGAGGGCAT	A	3	1
GCGGGTTTGAGGGCAT	A	4	288
GCGGGTTTGAGGGCAT	A	6	4251
GCGGGTTTTCATGACA	A	1	11859
GCGGGTTTTCATGACA	A	2	1
GCGGGTTTTCATGACA	A	3	81654
GCGGGTTTTCATGACA	A	4	185
GCGGGTTTTCATGACA	A	5	1110
GCTTGGCTAATCTTGC	A	0	6204
GCTTGGCTAATCTTGC	A	2	438
GCTTGGCTAATCTTGC	A	4	52
GCTTGGCTAATCTTGC	A	6	95
GCTTGGCTAGTTGCGC	A	1	15355
GCTTGGCTAGTTGCGC	A	3	62444
GCTTGGCTAGTTGCGC	A	4	3
GCTTGGCTAGTTGCGC	A	5	2354
GCTTGGCTCAGATCTT	A	1	4547
GCTTGGCTCAGATCTT	A	3	6788
GCTTGGCTCAGATCTT	A	4	84
GCTTGGCTCAGATCTT	A	5	319
GCTTGGCTCAGATTAC	A	0	758
GCTTGGCTCAGATTAC	A	2	78
GCTTGGCTCAGATTAC	A	4	127
GCTTGGCTCAGATTAC	A	6	11
GCTTGGCTCATCTGAG	A	0	22410
GCTTGGCTCATCTGAG	A	2	1421
GCTTGGCTCATCTGAG	A	4	121
GCTTGGCTCATCTGAG	A	6	377
GCTTGGCTCTGTTACA	A	1	13769
GCTTGGCTCTGTTACA	A	3	20596
GCTTGGCTCTGTTACA	A	4	21
GCTTGGCTCTGTTACA	A	5	674
GCTTGGCTGAGGGCAT	A	0	3128
GCTTGGCTGAGGGCAT	A	2	162
GCTTGGCTGAGGGCAT	A	4	63
GCTTGGCTGAGGGCAT	A	6	47
GCTTGGCTTCATGACA	A	1	4255
GCTTGGCTTCATGACA	A	3	6246
GCTTGGCTTCATGACA	A	4	83
GCTTGGCTTCATGACA	A	5	143
GTAAACAGAATCTTGC	A	0	4
GTAAACAGAATCTTGC	A	2	2401
GTAAACAGAATCTTGC	A	3	1
GTAAACAGAATCTTGC	A	4	21
GTAAACAGAATCTTGC	A	6	78
GTAAACAGAGTTGCGC	A	1	59
GTAAACAGAGTTGCGC	A	3	50523
GTAAACAGAGTTGCGC	A	4	2
GTAAACAGAGTTGCGC	A	5	752
GTAAACAGCAGATCTT	A	1	179
GTAAACAGCAGATCTT	A	2	20
GTAAACAGCAGATCTT	A	3	144484
GTAAACAGCAGATCTT	A	4	53
GTAAACAGCAGATCTT	A	5	1816
GTAAACAGCAGATCTT	A	6	2
GTAAACAGCAGATTAC	A	0	78
GTAAACAGCAGATTAC	A	2	207443
GTAAACAGCAGATTAC	A	3	2
GTAAACAGCAGATTAC	A	4	33
GTAAACAGCAGATTAC	A	6	3076
GTAAACAGCATCTGAG	A	0	80
GTAAACAGCATCTGAG	A	2	203751
GTAAACAGCATCTGAG	A	4	28
GTAAACAGCATCTGAG	A	6	4186
GTAAACAGCTGTTACA	A	1	131
GTAAACAGCTGTTACA	A	3	107208
GTAAACAGCTGTTACA	A	4	20
GTAAACAGCTGTTACA	A	5	1294
GTAAACAGGAGGGCAT	A	0	36
GTAAACAGGAGGGCAT	A	2	120524
GTAAACAGGAGGGCAT	A	3	2
GTAAACAGGAGGGCAT	A	4	23
GTAAACAGGAGGGCAT	A	6	2197
GTAAACAGTCATGACA	A	1	85
GTAAACAGTCATGACA	A	3	47984
GTAAACAGTCATGACA	A	4	38
GTAAACAGTCATGACA	A	5	1934
GTATCTGAAATCTTGC	A	0	33
GTATCTGAAATCTTGC	A	2	191788
GTATCTGAAATCTTGC	A	3	1
GTATCTGAAATCTTGC	A	4	29
GTATCTGAAATCTTGC	A	6	3661
GTATCTGAAGTTGCGC	A	1	31
GTATCTGAAGTTGCGC	A	3	53329
GTATCTGAAGTTGCGC	A	4	1
GTATCTGAAGTTGCGC	A	5	833
GTATCTGACAGATCTT	A	1	2149
GTATCTGACAGATCTT	A	2	5
GTATCTGACAGATCTT	A	3	191029
GTATCTGACAGATCTT	A	4	36
GTATCTGACAGATCTT	A	5	2502
GTATCTGACAGATCTT	A	6	2
GTATCTGACAGATTAC	A	0	74
GTATCTGACAGATTAC	A	2	198953
GTATCTGACAGATTAC	A	3	1
GTATCTGACAGATTAC	A	4	26
GTATCTGACAGATTAC	A	6	7658
GTATCTGACATCTGAG	A	0	48
GTATCTGACATCTGAG	A	2	188549
GTATCTGACATCTGAG	A	4	29
GTATCTGACATCTGAG	A	6	3187
GTATCTGACTGTTACA	A	1	56
GTATCTGACTGTTACA	A	3	71779
GTATCTGACTGTTACA	A	4	11
GTATCTGACTGTTACA	A	5	1386
GTATCTGAGAGGGCAT	A	0	11
GTATCTGAGAGGGCAT	A	2	42426
GTATCTGAGAGGGCAT	A	4	24
GTATCTGAGAGGGCAT	A	6	661
GTATCTGATCATGACA	A	1	1479
GTATCTGATCATGACA	A	3	41724
GTATCTGATCATGACA	A	4	36
GTATCTGATCATGACA	A	5	556
GTCCGAAGAATCTTGC	A	0	556
GTCCGAAGAATCTTGC	A	2	240
GTCCGAAGAATCTTGC	A	4	4
GTCCGAAGAATCTTGC	A	6	17
GTCCGAAGAGTTGCGC	A	1	51
GTCCGAAGAGTTGCGC	A	3	6213
GTCCGAAGAGTTGCGC	A	5	148
GTCCGAAGCAGATCTT	A	1	80
GTCCGAAGCAGATCTT	A	2	1
GTCCGAAGCAGATCTT	A	3	2190
GTCCGAAGCAGATCTT	A	4	15
GTCCGAAGCAGATCTT	A	5	82
GTCCGAAGCAGATTAC	A	0	101
GTCCGAAGCAGATTAC	A	2	4246
GTCCGAAGCAGATTAC	A	4	5
GTCCGAAGCAGATTAC	A	6	144
GTCCGAAGCATCTGAG	A	0	1524
GTCCGAAGCATCTGAG	A	2	6154
GTCCGAAGCATCTGAG	A	4	3
GTCCGAAGCATCTGAG	A	6	113
GTCCGAAGCTGTTACA	A	1	54
GTCCGAAGCTGTTACA	A	3	1055
GTCCGAAGCTGTTACA	A	4	7
GTCCGAAGCTGTTACA	A	5	24
GTCCGAAGGAGGGCAT	A	0	563
GTCCGAAGGAGGGCAT	A	2	5669
GTCCGAAGGAGGGCAT	A	4	6
GTCCGAAGGAGGGCAT	A	6	161
GTCCGAAGTCATGACA	A	1	40
GTCCGAAGTCATGACA	A	3	462
GTCCGAAGTCATGACA	A	4	17
GTCCGAAGTCATGACA	A	5	7
GTCGTCGTAATCTTGC	A	0	5
GTCGTCGTAATCTTGC	A	2	862
GTCGTCGTAATCTTGC	A	4	73
GTCGTCGTAATCTTGC	A	6	11
GTCGTCGTAGTTGCGC	A	1	58
GTCGTCGTAGTTGCGC	A	3	49858
GTCGTCGTAGTTGCGC	A	4	2
GTCGTCGTAGTTGCGC	A	5	875
GTCGTCGTCAGATCTT	A	1	348
GTCGTCGTCAGATCTT	A	2	7
GTCGTCGTCAGATCTT	A	3	34310
GTCGTCGTCAGATCTT	A	4	73
GTCGTCGTCAGATCTT	A	5	753
GTCGTCGTCAGATCTT	A	6	1
GTCGTCGTCAGATTAC	A	0	106
GTCGTCGTCAGATTAC	A	2	230024
GTCGTCGTCAGATTAC	A	4	70
GTCGTCGTCAGATTAC	A	6	3813
GTCGTCGTCATCTGAG	A	0	102
GTCGTCGTCATCTGAG	A	2	299602
GTCGTCGTCATCTGAG	A	4	123
GTCGTCGTCATCTGAG	A	6	4012
GTCGTCGTCTGTTACA	A	1	113
GTCGTCGTCTGTTACA	A	3	84417
GTCGTCGTCTGTTACA	A	4	26
GTCGTCGTCTGTTACA	A	5	1315
GTCGTCGTGAGGGCAT	A	0	218
GTCGTCGTGAGGGCAT	A	2	165351
GTCGTCGTGAGGGCAT	A	4	52
GTCGTCGTGAGGGCAT	A	6	3545
GTCGTCGTTCATGACA	A	1	241
GTCGTCGTTCATGACA	A	3	163873
GTCGTCGTTCATGACA	A	4	45
GTCGTCGTTCATGACA	A	5	2117
GTCTTAGAAATCTTGC	A	0	1894
GTCTTAGAAATCTTGC	A	2	126
GTCTTAGAAATCTTGC	A	4	12
GTCTTAGAAATCTTGC	A	6	51
GTCTTAGAAGTTGCGC	A	1	700
GTCTTAGAAGTTGCGC	A	3	18853
GTCTTAGAAGTTGCGC	A	5	554
GTCTTAGACAGATCTT	A	1	107
GTCTTAGACAGATCTT	A	3	737
GTCTTAGACAGATCTT	A	4	10
GTCTTAGACAGATCTT	A	5	17
GTCTTAGACAGATTAC	A	0	741
GTCTTAGACAGATTAC	A	2	107
GTCTTAGACAGATTAC	A	4	12
GTCTTAGACAGATTAC	A	6	19
GTCTTAGACATCTGAG	A	0	2823
GTCTTAGACATCTGAG	A	2	381
GTCTTAGACATCTGAG	A	4	6
GTCTTAGACATCTGAG	A	6	81
GTCTTAGACTGTTACA	A	1	125
GTCTTAGACTGTTACA	A	3	1616
GTCTTAGACTGTTACA	A	4	3
GTCTTAGACTGTTACA	A	5	41
GTCTTAGAGAGGGCAT	A	0	1149
GTCTTAGAGAGGGCAT	A	2	91
GTCTTAGAGAGGGCAT	A	4	7
GTCTTAGAGAGGGCAT	A	6	29
GTCTTAGATCATGACA	A	1	82
GTCTTAGATCATGACA	A	3	285
GTCTTAGATCATGACA	A	4	12
GTCTTAGATCATGACA	A	5	15
GTGCTATCAATCTTGC	A	0	16947
GTGCTATCAATCTTGC	A	2	181
GTGCTATCAATCTTGC	A	4	43
GTGCTATCAATCTTGC	A	6	120
GTGCTATCAGTTGCGC	A	0	1
GTGCTATCAGTTGCGC	A	1	107234
GTGCTATCAGTTGCGC	A	3	2239
GTGCTATCAGTTGCGC	A	4	4
GTGCTATCAGTTGCGC	A	5	1368
GTGCTATCCAGATCTT	A	0	24
GTGCTATCCAGATCTT	A	1	249767
GTGCTATCCAGATCTT	A	3	1419
GTGCTATCCAGATCTT	A	4	64
GTGCTATCCAGATCTT	A	5	3214
GTGCTATCCAGATCTT	A	6	3
GTGCTATCCAGATTAC	A	0	307896
GTGCTATCCAGATTAC	A	1	5
GTGCTATCCAGATTAC	A	2	1861
GTGCTATCCAGATTAC	A	4	37
GTGCTATCCAGATTAC	A	6	3376
GTGCTATCCATCTGAG	A	0	447404
GTGCTATCCATCTGAG	A	2	3461
GTGCTATCCATCTGAG	A	4	27
GTGCTATCCATCTGAG	A	6	4959
GTGCTATCCTGTTACA	A	1	207709
GTGCTATCCTGTTACA	A	3	1253
GTGCTATCCTGTTACA	A	4	34
GTGCTATCCTGTTACA	A	5	2669
GTGCTATCGAGGGCAT	A	0	314242
GTGCTATCGAGGGCAT	A	1	1
GTGCTATCGAGGGCAT	A	2	2096
GTGCTATCGAGGGCAT	A	4	20
GTGCTATCGAGGGCAT	A	6	3241
GTGCTATCTCATGACA	A	1	325306
GTGCTATCTCATGACA	A	3	2340
GTGCTATCTCATGACA	A	4	43
GTGCTATCTCATGACA	A	5	4389
GTGCTATCTCATGACA	A	6	1
GTGGGACAAATCTTGC	A	0	32
GTGGGACAAATCTTGC	A	2	321
GTGGGACAAATCTTGC	A	4	96
GTGGGACAAATCTTGC	A	6	4
GTGGGACAAGTTGCGC	A	1	93
GTGGGACAAGTTGCGC	A	3	71551
GTGGGACAAGTTGCGC	A	4	3
GTGGGACAAGTTGCGC	A	5	1067
GTGGGACACAGATCTT	A	1	156
GTGGGACACAGATCTT	A	2	20
GTGGGACACAGATCTT	A	3	76463
GTGGGACACAGATCTT	A	4	82
GTGGGACACAGATCTT	A	5	1053
GTGGGACACAGATTAC	A	0	88
GTGGGACACAGATTAC	A	2	213752
GTGGGACACAGATTAC	A	3	1
GTGGGACACAGATTAC	A	4	76
GTGGGACACAGATTAC	A	6	3211
GTGGGACACATCTGAG	A	0	120
GTGGGACACATCTGAG	A	2	315851
GTGGGACACATCTGAG	A	3	1
GTGGGACACATCTGAG	A	4	63
GTGGGACACATCTGAG	A	6	4349
GTGGGACACTGTTACA	A	1	151
GTGGGACACTGTTACA	A	3	110644
GTGGGACACTGTTACA	A	4	29
GTGGGACACTGTTACA	A	5	3726
GTGGGACAGAGGGCAT	A	0	1211
GTGGGACAGAGGGCAT	A	2	164385
GTGGGACAGAGGGCAT	A	3	1
GTGGGACAGAGGGCAT	A	4	47
GTGGGACAGAGGGCAT	A	6	4344
GTGGGACATCATGACA	A	1	267
GTGGGACATCATGACA	A	3	166912
GTGGGACATCATGACA	A	4	55
GTGGGACATCATGACA	A	5	2932
GTGTGCACAATCTTGC	A	0	3201
GTGTGCACAATCTTGC	A	2	549
GTGTGCACAATCTTGC	A	4	12
GTGTGCACAATCTTGC	A	6	120
GTGTGCACAGTTGCGC	A	1	97
GTGTGCACAGTTGCGC	A	3	10494
GTGTGCACAGTTGCGC	A	5	267
GTGTGCACCAGATCTT	A	1	19
GTGTGCACCAGATCTT	A	3	455
GTGTGCACCAGATCTT	A	4	7
GTGTGCACCAGATCTT	A	5	19
GTGTGCACCAGATTAC	A	0	2112
GTGTGCACCAGATTAC	A	2	196
GTGTGCACCAGATTAC	A	4	2
GTGTGCACCAGATTAC	A	6	27
GTGTGCACCATCTGAG	A	0	2087
GTGTGCACCATCTGAG	A	2	263
GTGTGCACCATCTGAG	A	6	52
GTGTGCACCTGTTACA	A	1	1815
GTGTGCACCTGTTACA	A	3	59265
GTGTGCACCTGTTACA	A	4	1
GTGTGCACCTGTTACA	A	5	814
GTGTGCACGAGGGCAT	A	0	184
GTGTGCACGAGGGCAT	A	2	24
GTGTGCACGAGGGCAT	A	4	4
GTGTGCACGAGGGCAT	A	6	5
GTGTGCACTCATGACA	A	1	75
GTGTGCACTCATGACA	A	3	4072
GTGTGCACTCATGACA	A	4	11
GTGTGCACTCATGACA	A	5	60
GTTAGGGCAATCTTGC	A	0	9861
GTTAGGGCAATCTTGC	A	2	218155
GTTAGGGCAATCTTGC	A	4	92
GTTAGGGCAATCTTGC	A	6	3288
GTTAGGGCAGTTGCGC	A	1	1279
GTTAGGGCAGTTGCGC	A	3	52742
GTTAGGGCAGTTGCGC	A	4	1
GTTAGGGCAGTTGCGC	A	5	953
GTTAGGGCCAGATCTT	A	1	10505
GTTAGGGCCAGATCTT	A	2	18
GTTAGGGCCAGATCTT	A	3	147582
GTTAGGGCCAGATCTT	A	4	106
GTTAGGGCCAGATCTT	A	5	2178
GTTAGGGCCAGATCTT	A	6	1
GTTAGGGCCAGATTAC	A	0	8577
GTTAGGGCCAGATTAC	A	2	151693
GTTAGGGCCAGATTAC	A	3	1
GTTAGGGCCAGATTAC	A	4	99
GTTAGGGCCAGATTAC	A	6	2455
GTTAGGGCCATCTGAG	A	0	10576
GTTAGGGCCATCTGAG	A	1	1
GTTAGGGCCATCTGAG	A	2	223895
GTTAGGGCCATCTGAG	A	4	134
GTTAGGGCCATCTGAG	A	6	4067
GTTAGGGCCTGTTACA	A	1	9981
GTTAGGGCCTGTTACA	A	3	71580
GTTAGGGCCTGTTACA	A	4	22
GTTAGGGCCTGTTACA	A	5	1214
GTTAGGGCGAGGGCAT	A	0	5281
GTTAGGGCGAGGGCAT	A	2	242484
GTTAGGGCGAGGGCAT	A	3	3
GTTAGGGCGAGGGCAT	A	4	110
GTTAGGGCGAGGGCAT	A	6	5351
GTTAGGGCTCATGACA	A	1	2329
GTTAGGGCTCATGACA	A	3	37577
GTTAGGGCTCATGACA	A	4	70
GTTAGGGCTCATGACA	A	5	863
GTTCCAAAAATCTTGC	A	0	19926
GTTCCAAAAATCTTGC	A	1	1
GTTCCAAAAATCTTGC	A	2	115
GTTCCAAAAATCTTGC	A	4	50
GTTCCAAAAATCTTGC	A	6	214
GTTCCAAAAGTTGCGC	A	1	77365
GTTCCAAAAGTTGCGC	A	3	4541
GTTCCAAAAGTTGCGC	A	4	2
GTTCCAAAAGTTGCGC	A	5	1223
GTTCCAAACAGATCTT	A	0	29
GTTCCAAACAGATCTT	A	1	134134
GTTCCAAACAGATCTT	A	2	1
GTTCCAAACAGATCTT	A	3	2852
GTTCCAAACAGATCTT	A	4	52
GTTCCAAACAGATCTT	A	5	2223
GTTCCAAACAGATCTT	A	6	1
GTTCCAAACAGATTAC	A	0	275946
GTTCCAAACAGATTAC	A	1	1
GTTCCAAACAGATTAC	A	2	1903
GTTCCAAACAGATTAC	A	4	66
GTTCCAAACAGATTAC	A	6	3419
GTTCCAAACATCTGAG	A	0	218259
GTTCCAAACATCTGAG	A	2	1757
GTTCCAAACATCTGAG	A	4	37
GTTCCAAACATCTGAG	A	6	2815
GTTCCAAACTGTTACA	A	0	1
GTTCCAAACTGTTACA	A	1	139728
GTTCCAAACTGTTACA	A	3	1423
GTTCCAAACTGTTACA	A	4	25
GTTCCAAACTGTTACA	A	5	1987
GTTCCAAAGAGGGCAT	A	0	385505
GTTCCAAAGAGGGCAT	A	2	2204
GTTCCAAAGAGGGCAT	A	4	31
GTTCCAAAGAGGGCAT	A	6	4820
GTTCCAAATCATGACA	A	1	290496
GTTCCAAATCATGACA	A	3	4728
GTTCCAAATCATGACA	A	4	58
GTTCCAAATCATGACA	A	5	4650
TAAGAAGGAATCTTGC	A	0	466926
TAAGAAGGAATCTTGC	A	1	2
TAAGAAGGAATCTTGC	A	2	632
TAAGAAGGAATCTTGC	A	3	1
TAAGAAGGAATCTTGC	A	4	39
TAAGAAGGAATCTTGC	A	6	3988
TAAGAAGGAGTTGCGC	A	0	1
TAAGAAGGAGTTGCGC	A	1	202813
TAAGAAGGAGTTGCGC	A	3	539
TAAGAAGGAGTTGCGC	A	4	3
TAAGAAGGAGTTGCGC	A	5	2432
TAAGAAGGCAGATCTT	A	0	23
TAAGAAGGCAGATCTT	A	1	290835
TAAGAAGGCAGATCTT	A	3	364
TAAGAAGGCAGATCTT	A	4	53
TAAGAAGGCAGATCTT	A	5	3307
TAAGAAGGCAGATTAC	A	0	379444
TAAGAAGGCAGATTAC	A	1	2
TAAGAAGGCAGATTAC	A	2	580
TAAGAAGGCAGATTAC	A	4	37
TAAGAAGGCAGATTAC	A	6	3377
TAAGAAGGCATCTGAG	A	0	480481
TAAGAAGGCATCTGAG	A	2	746
TAAGAAGGCATCTGAG	A	4	31
TAAGAAGGCATCTGAG	A	6	4101
TAAGAAGGCTGTTACA	A	0	1
TAAGAAGGCTGTTACA	A	1	307313
TAAGAAGGCTGTTACA	A	3	368
TAAGAAGGCTGTTACA	A	4	13
TAAGAAGGCTGTTACA	A	5	3520
TAAGAAGGGAGGGCAT	A	0	275780
TAAGAAGGGAGGGCAT	A	1	4
TAAGAAGGGAGGGCAT	A	2	307
TAAGAAGGGAGGGCAT	A	4	24
TAAGAAGGGAGGGCAT	A	6	2197
TAAGAAGGTCATGACA	A	1	309403
TAAGAAGGTCATGACA	A	3	400
TAAGAAGGTCATGACA	A	4	56
TAAGAAGGTCATGACA	A	5	3538
TAAGTCACAATCTTGC	A	0	291661
TAAGTCACAATCTTGC	A	1	1
TAAGTCACAATCTTGC	A	2	3430
TAAGTCACAATCTTGC	A	4	24
TAAGTCACAATCTTGC	A	6	3634
TAAGTCACAGTTGCGC	A	0	2
TAAGTCACAGTTGCGC	A	1	75231
TAAGTCACAGTTGCGC	A	3	14760
TAAGTCACAGTTGCGC	A	4	4
TAAGTCACAGTTGCGC	A	5	1456
TAAGTCACCAGATCTT	A	0	18
TAAGTCACCAGATCTT	A	1	350798
TAAGTCACCAGATCTT	A	3	19976
TAAGTCACCAGATCTT	A	4	47
TAAGTCACCAGATCTT	A	5	5625
TAAGTCACCAGATCTT	A	6	2
TAAGTCACCAGATTAC	A	0	278375
TAAGTCACCAGATTAC	A	1	3
TAAGTCACCAGATTAC	A	2	2913
TAAGTCACCAGATTAC	A	4	25
TAAGTCACCAGATTAC	A	6	3624
TAAGTCACCATCTGAG	A	0	479433
TAAGTCACCATCTGAG	A	1	1
TAAGTCACCATCTGAG	A	2	5328
TAAGTCACCATCTGAG	A	4	30
TAAGTCACCATCTGAG	A	6	5990
TAAGTCACCTGTTACA	A	0	1
TAAGTCACCTGTTACA	A	1	78447
TAAGTCACCTGTTACA	A	3	1492
TAAGTCACCTGTTACA	A	4	24
TAAGTCACCTGTTACA	A	5	1171
TAAGTCACGAGGGCAT	A	0	245797
TAAGTCACGAGGGCAT	A	1	1
TAAGTCACGAGGGCAT	A	2	2459
TAAGTCACGAGGGCAT	A	4	16
TAAGTCACGAGGGCAT	A	6	2966
TAAGTCACTCATGACA	A	1	297406
TAAGTCACTCATGACA	A	3	8386
TAAGTCACTCATGACA	A	4	41
TAAGTCACTCATGACA	A	5	4653
TACACGACAATCTTGC	A	0	1263
TACACGACAATCTTGC	A	2	360
TACACGACAATCTTGC	A	4	3
TACACGACAATCTTGC	A	6	20
TACACGACAGTTGCGC	A	1	53
TACACGACAGTTGCGC	A	3	17389
TACACGACAGTTGCGC	A	5	396
TACACGACCAGATCTT	A	1	9
TACACGACCAGATCTT	A	3	441
TACACGACCAGATCTT	A	4	6
TACACGACCAGATCTT	A	5	9
TACACGACCAGATTAC	A	0	75
TACACGACCAGATTAC	A	2	24
TACACGACCAGATTAC	A	4	4
TACACGACCAGATTAC	A	6	3
TACACGACCATCTGAG	A	0	2111
TACACGACCATCTGAG	A	2	681
TACACGACCATCTGAG	A	4	2
TACACGACCATCTGAG	A	6	75
TACACGACCTGTTACA	A	1	108
TACACGACCTGTTACA	A	3	3295
TACACGACCTGTTACA	A	4	1
TACACGACCTGTTACA	A	5	42
TACACGACGAGGGCAT	A	0	2003
TACACGACGAGGGCAT	A	2	438
TACACGACGAGGGCAT	A	6	43
TACACGACTCATGACA	A	1	207
TACACGACTCATGACA	A	3	4278
TACACGACTCATGACA	A	4	1
TACACGACTCATGACA	A	5	114
TACTGGGCAATCTTGC	A	0	1386
TACTGGGCAATCTTGC	A	2	400
TACTGGGCAATCTTGC	A	4	2248
TACTGGGCAATCTTGC	A	6	33
TACTGGGCAGTTGCGC	A	1	140
TACTGGGCAGTTGCGC	A	3	43197
TACTGGGCAGTTGCGC	A	4	1
TACTGGGCAGTTGCGC	A	5	1223
TACTGGGCCAGATCTT	A	1	175
TACTGGGCCAGATCTT	A	3	10154
TACTGGGCCAGATCTT	A	4	769
TACTGGGCCAGATCTT	A	5	378
TACTGGGCCAGATTAC	A	0	252
TACTGGGCCAGATTAC	A	2	102
TACTGGGCCAGATTAC	A	4	1378
TACTGGGCCAGATTAC	A	6	9
TACTGGGCCATCTGAG	A	0	1363
TACTGGGCCATCTGAG	A	2	587
TACTGGGCCATCTGAG	A	4	1631
TACTGGGCCATCTGAG	A	6	23
TACTGGGCCTGTTACA	A	1	516
TACTGGGCCTGTTACA	A	3	15198
TACTGGGCCTGTTACA	A	4	113
TACTGGGCCTGTTACA	A	5	631
TACTGGGCGAGGGCAT	A	0	351
TACTGGGCGAGGGCAT	A	2	95
TACTGGGCGAGGGCAT	A	4	1336
TACTGGGCGAGGGCAT	A	6	10
TACTGGGCTCATGACA	A	1	271
TACTGGGCTCATGACA	A	3	2732
TACTGGGCTCATGACA	A	4	1099
TACTGGGCTCATGACA	A	5	54
TAGACGCGAATCTTGC	A	0	1658
TAGACGCGAATCTTGC	A	2	600
TAGACGCGAATCTTGC	A	4	9
TAGACGCGAATCTTGC	A	6	35
TAGACGCGAGTTGCGC	A	1	170
TAGACGCGAGTTGCGC	A	3	11819
TAGACGCGAGTTGCGC	A	5	329
TAGACGCGCAGATCTT	A	1	39
TAGACGCGCAGATCTT	A	3	600
TAGACGCGCAGATCTT	A	4	5
TAGACGCGCAGATCTT	A	5	7
TAGACGCGCAGATTAC	A	0	158
TAGACGCGCAGATTAC	A	2	29
TAGACGCGCAGATTAC	A	4	6
TAGACGCGCATCTGAG	A	0	889
TAGACGCGCATCTGAG	A	2	311
TAGACGCGCATCTGAG	A	4	1
TAGACGCGCATCTGAG	A	6	34
TAGACGCGCTGTTACA	A	1	29
TAGACGCGCTGTTACA	A	3	841
TAGACGCGCTGTTACA	A	4	3
TAGACGCGCTGTTACA	A	5	9
TAGACGCGGAGGGCAT	A	0	301
TAGACGCGGAGGGCAT	A	2	65
TAGACGCGGAGGGCAT	A	4	4
TAGACGCGGAGGGCAT	A	6	4
TAGACGCGTCATGACA	A	1	1119
TAGACGCGTCATGACA	A	3	23787
TAGACGCGTCATGACA	A	4	4
TAGACGCGTCATGACA	A	5	500
TAGCCCTGAATCTTGC	A	0	3221
TAGCCCTGAATCTTGC	A	2	273
TAGCCCTGAATCTTGC	A	4	7
TAGCCCTGAATCTTGC	A	6	85
TAGCCCTGAGTTGCGC	A	1	4758
TAGCCCTGAGTTGCGC	A	3	49811
TAGCCCTGAGTTGCGC	A	5	973
TAGCCCTGCAGATCTT	A	1	12240
TAGCCCTGCAGATCTT	A	3	1978
TAGCCCTGCAGATCTT	A	4	12
TAGCCCTGCAGATCTT	A	5	209
TAGCCCTGCAGATTAC	A	0	572
TAGCCCTGCAGATTAC	A	2	49
TAGCCCTGCAGATTAC	A	4	6
TAGCCCTGCAGATTAC	A	6	11
TAGCCCTGCATCTGAG	A	0	5967
TAGCCCTGCATCTGAG	A	2	665
TAGCCCTGCATCTGAG	A	4	5
TAGCCCTGCATCTGAG	A	6	162
TAGCCCTGCTGTTACA	A	1	6499
TAGCCCTGCTGTTACA	A	3	19317
TAGCCCTGCTGTTACA	A	4	2
TAGCCCTGCTGTTACA	A	5	503
TAGCCCTGGAGGGCAT	A	0	4130
TAGCCCTGGAGGGCAT	A	2	248
TAGCCCTGGAGGGCAT	A	4	3
TAGCCCTGGAGGGCAT	A	6	89
TAGCCCTGTCATGACA	A	1	10346
TAGCCCTGTCATGACA	A	3	10341
TAGCCCTGTCATGACA	A	4	6
TAGCCCTGTCATGACA	A	5	431
TAGCGCGAAATCTTGC	A	0	774
TAGCGCGAAATCTTGC	A	2	210
TAGCGCGAAATCTTGC	A	4	12
TAGCGCGAAATCTTGC	A	6	10
TAGCGCGAAGTTGCGC	A	1	208
TAGCGCGAAGTTGCGC	A	3	63519
TAGCGCGAAGTTGCGC	A	5	1854
TAGCGCGACAGATCTT	A	1	108
TAGCGCGACAGATCTT	A	3	306
TAGCGCGACAGATCTT	A	4	6
TAGCGCGACAGATCTT	A	5	10
TAGCGCGACAGATTAC	A	0	67
TAGCGCGACAGATTAC	A	2	15
TAGCGCGACAGATTAC	A	4	7
TAGCGCGACAGATTAC	A	6	1
TAGCGCGACATCTGAG	A	0	419
TAGCGCGACATCTGAG	A	2	219
TAGCGCGACATCTGAG	A	4	9
TAGCGCGACATCTGAG	A	6	29
TAGCGCGACTGTTACA	A	1	105
TAGCGCGACTGTTACA	A	3	2245
TAGCGCGACTGTTACA	A	4	2
TAGCGCGACTGTTACA	A	5	44
TAGCGCGAGAGGGCAT	A	0	775
TAGCGCGAGAGGGCAT	A	2	222
TAGCGCGAGAGGGCAT	A	4	6
TAGCGCGAGAGGGCAT	A	6	12
TAGCGCGATCATGACA	A	1	141
TAGCGCGATCATGACA	A	3	1049
TAGCGCGATCATGACA	A	4	10
TAGCGCGATCATGACA	A	5	18
TAGCTAAGAATCTTGC	A	0	25
TAGCTAAGAATCTTGC	A	2	13744
TAGCTAAGAATCTTGC	A	3	1
TAGCTAAGAATCTTGC	A	4	11
TAGCTAAGAATCTTGC	A	6	325
TAGCTAAGAGTTGCGC	A	1	55
TAGCTAAGAGTTGCGC	A	3	58752
TAGCTAAGAGTTGCGC	A	5	1200
TAGCTAAGCAGATCTT	A	1	1365
TAGCTAAGCAGATCTT	A	2	1
TAGCTAAGCAGATCTT	A	3	144957
TAGCTAAGCAGATCTT	A	4	14
TAGCTAAGCAGATCTT	A	5	2385
TAGCTAAGCAGATTAC	A	0	67
TAGCTAAGCAGATTAC	A	2	53562
TAGCTAAGCAGATTAC	A	3	1
TAGCTAAGCAGATTAC	A	4	9
TAGCTAAGCAGATTAC	A	6	1681
TAGCTAAGCATCTGAG	A	0	108
TAGCTAAGCATCTGAG	A	2	256667
TAGCTAAGCATCTGAG	A	3	1
TAGCTAAGCATCTGAG	A	4	13
TAGCTAAGCATCTGAG	A	6	3511
TAGCTAAGCTGTTACA	A	1	20
TAGCTAAGCTGTTACA	A	3	7757
TAGCTAAGCTGTTACA	A	4	4
TAGCTAAGCTGTTACA	A	5	90
TAGCTAAGGAGGGCAT	A	0	41
TAGCTAAGGAGGGCAT	A	2	80
TAGCTAAGGAGGGCAT	A	3	1
TAGCTAAGGAGGGCAT	A	4	6
TAGCTAAGGAGGGCAT	A	6	4
TAGCTAAGTCATGACA	A	1	170
TAGCTAAGTCATGACA	A	3	148578
TAGCTAAGTCATGACA	A	4	17
TAGCTAAGTCATGACA	A	5	2206
TATAGTCGAATCTTGC	A	0	1849
TATAGTCGAATCTTGC	A	2	348
TATAGTCGAATCTTGC	A	3	1
TATAGTCGAATCTTGC	A	4	4
TATAGTCGAATCTTGC	A	6	41
TATAGTCGAGTTGCGC	A	1	25
TATAGTCGAGTTGCGC	A	3	35437
TATAGTCGAGTTGCGC	A	5	1004
TATAGTCGCAGATCTT	A	1	18
TATAGTCGCAGATCTT	A	3	514
TATAGTCGCAGATCTT	A	4	2
TATAGTCGCAGATCTT	A	5	12
TATAGTCGCAGATTAC	A	0	307
TATAGTCGCAGATTAC	A	2	170
TATAGTCGCAGATTAC	A	4	2
TATAGTCGCAGATTAC	A	6	16
TATAGTCGCATCTGAG	A	0	1335
TATAGTCGCATCTGAG	A	2	425
TATAGTCGCATCTGAG	A	4	5
TATAGTCGCATCTGAG	A	6	37
TATAGTCGCTGTTACA	A	1	539
TATAGTCGCTGTTACA	A	3	41902
TATAGTCGCTGTTACA	A	4	1
TATAGTCGCTGTTACA	A	5	801
TATAGTCGGAGGGCAT	A	0	110
TATAGTCGGAGGGCAT	A	2	52
TATAGTCGGAGGGCAT	A	4	3
TATAGTCGGAGGGCAT	A	6	4
TATAGTCGTCATGACA	A	1	52
TATAGTCGTCATGACA	A	3	28219
TATAGTCGTCATGACA	A	4	6
TATAGTCGTCATGACA	A	5	476
TATGCCGCAATCTTGC	A	0	13163
TATGCCGCAATCTTGC	A	2	747
TATGCCGCAATCTTGC	A	4	4
TATGCCGCAATCTTGC	A	6	277
TATGCCGCAGTTGCGC	A	1	1477
TATGCCGCAGTTGCGC	A	3	42902
TATGCCGCAGTTGCGC	A	4	1
TATGCCGCAGTTGCGC	A	5	1127
TATGCCGCCAGATCTT	A	1	3376
TATGCCGCCAGATCTT	A	3	11620
TATGCCGCCAGATCTT	A	4	3
TATGCCGCCAGATCTT	A	5	348
TATGCCGCCAGATTAC	A	0	858
TATGCCGCCAGATTAC	A	2	32
TATGCCGCCAGATTAC	A	4	8
TATGCCGCCAGATTAC	A	6	23
TATGCCGCCATCTGAG	A	0	4590
TATGCCGCCATCTGAG	A	2	735
TATGCCGCCATCTGAG	A	4	5
TATGCCGCCATCTGAG	A	6	153
TATGCCGCCTGTTACA	A	1	1496
TATGCCGCCTGTTACA	A	3	18489
TATGCCGCCTGTTACA	A	4	2
TATGCCGCCTGTTACA	A	5	552
TATGCCGCGAGGGCAT	A	0	3688
TATGCCGCGAGGGCAT	A	2	312
TATGCCGCGAGGGCAT	A	4	2
TATGCCGCGAGGGCAT	A	6	98
TATGCCGCTCATGACA	A	1	3057
TATGCCGCTCATGACA	A	3	6972
TATGCCGCTCATGACA	A	4	4
TATGCCGCTCATGACA	A	5	164
TCAACTCGAATCTTGC	A	0	307
TCAACTCGAATCTTGC	A	2	61848
TCAACTCGAATCTTGC	A	3	1
TCAACTCGAATCTTGC	A	4	34
TCAACTCGAATCTTGC	A	6	1541
TCAACTCGAGTTGCGC	A	1	555
TCAACTCGAGTTGCGC	A	3	64798
TCAACTCGAGTTGCGC	A	4	1
TCAACTCGAGTTGCGC	A	5	1181
TCAACTCGCAGATCTT	A	1	5254
TCAACTCGCAGATCTT	A	2	25
TCAACTCGCAGATCTT	A	3	198943
TCAACTCGCAGATCTT	A	4	37
TCAACTCGCAGATCTT	A	5	3153
TCAACTCGCAGATCTT	A	6	1
TCAACTCGCAGATTAC	A	0	1632
TCAACTCGCAGATTAC	A	2	224018
TCAACTCGCAGATTAC	A	4	29
TCAACTCGCAGATTAC	A	6	3604
TCAACTCGCATCTGAG	A	0	2427
TCAACTCGCATCTGAG	A	2	149526
TCAACTCGCATCTGAG	A	4	26
TCAACTCGCATCTGAG	A	6	2846
TCAACTCGCTGTTACA	A	1	2179
TCAACTCGCTGTTACA	A	3	83351
TCAACTCGCTGTTACA	A	4	18
TCAACTCGCTGTTACA	A	5	965
TCAACTCGGAGGGCAT	A	0	2179
TCAACTCGGAGGGCAT	A	2	289382
TCAACTCGGAGGGCAT	A	3	2
TCAACTCGGAGGGCAT	A	4	13
TCAACTCGGAGGGCAT	A	6	4025
TCAACTCGTCATGACA	A	1	9977
TCAACTCGTCATGACA	A	3	164500
TCAACTCGTCATGACA	A	4	38
TCAACTCGTCATGACA	A	5	2821
TCACATAGAATCTTGC	A	0	632
TCACATAGAATCTTGC	A	2	238
TCACATAGAATCTTGC	A	4	3
TCACATAGAATCTTGC	A	6	28
TCACATAGAGTTGCGC	A	1	8
TCACATAGAGTTGCGC	A	3	6808
TCACATAGAGTTGCGC	A	5	91
TCACATAGCAGATCTT	A	1	241
TCACATAGCAGATCTT	A	3	11525
TCACATAGCAGATCTT	A	4	4
TCACATAGCAGATCTT	A	5	233
TCACATAGCAGATTAC	A	0	73
TCACATAGCAGATTAC	A	2	73
TCACATAGCAGATTAC	A	4	3
TCACATAGCAGATTAC	A	6	1
TCACATAGCATCTGAG	A	0	7990
TCACATAGCATCTGAG	A	2	1594
TCACATAGCATCTGAG	A	4	4
TCACATAGCATCTGAG	A	6	254
TCACATAGCTGTTACA	A	1	21
TCACATAGCTGTTACA	A	3	2585
TCACATAGCTGTTACA	A	4	2
TCACATAGCTGTTACA	A	5	27
TCACATAGGAGGGCAT	A	0	1637
TCACATAGGAGGGCAT	A	2	470
TCACATAGGAGGGCAT	A	6	46
TCACATAGTCATGACA	A	1	74
TCACATAGTCATGACA	A	3	9765
TCACATAGTCATGACA	A	4	4
TCACATAGTCATGACA	A	5	199
TCAGGAGCAATCTTGC	A	0	14754
TCAGGAGCAATCTTGC	A	2	1212
TCAGGAGCAATCTTGC	A	4	6
TCAGGAGCAATCTTGC	A	6	469
TCAGGAGCAGTTGCGC	A	1	425
TCAGGAGCAGTTGCGC	A	3	33488
TCAGGAGCAGTTGCGC	A	5	955
TCAGGAGCCAGATCTT	A	1	80
TCAGGAGCCAGATCTT	A	3	2501
TCAGGAGCCAGATCTT	A	4	4
TCAGGAGCCAGATCTT	A	5	77
TCAGGAGCCAGATTAC	A	0	595
TCAGGAGCCAGATTAC	A	2	68
TCAGGAGCCAGATTAC	A	4	4
TCAGGAGCCAGATTAC	A	6	21
TCAGGAGCCATCTGAG	A	0	9636
TCAGGAGCCATCTGAG	A	2	1652
TCAGGAGCCATCTGAG	A	4	4
TCAGGAGCCATCTGAG	A	6	334
TCAGGAGCCTGTTACA	A	1	107
TCAGGAGCCTGTTACA	A	3	12044
TCAGGAGCCTGTTACA	A	4	1
TCAGGAGCCTGTTACA	A	5	363
TCAGGAGCGAGGGCAT	A	0	2347
TCAGGAGCGAGGGCAT	A	2	124
TCAGGAGCGAGGGCAT	A	4	2
TCAGGAGCGAGGGCAT	A	6	93
TCAGGAGCTCATGACA	A	1	96
TCAGGAGCTCATGACA	A	3	2105
TCAGGAGCTCATGACA	A	4	6
TCAGGAGCTCATGACA	A	5	69
TCAGGCTTAATCTTGC	A	0	51106
TCAGGCTTAATCTTGC	A	2	690
TCAGGCTTAATCTTGC	A	4	12
TCAGGCTTAATCTTGC	A	6	681
TCAGGCTTAGTTGCGC	A	1	22833
TCAGGCTTAGTTGCGC	A	3	12893
TCAGGCTTAGTTGCGC	A	5	818
TCAGGCTTCAGATCTT	A	1	13675
TCAGGCTTCAGATCTT	A	3	4059
TCAGGCTTCAGATCTT	A	4	8
TCAGGCTTCAGATCTT	A	5	263
TCAGGCTTCAGATTAC	A	0	1263
TCAGGCTTCAGATTAC	A	2	51
TCAGGCTTCAGATTAC	A	4	6
TCAGGCTTCAGATTAC	A	6	7
TCAGGCTTCATCTGAG	A	0	21435
TCAGGCTTCATCTGAG	A	2	421
TCAGGCTTCATCTGAG	A	4	7
TCAGGCTTCATCTGAG	A	6	346
TCAGGCTTCTGTTACA	A	1	9976
TCAGGCTTCTGTTACA	A	3	3419
TCAGGCTTCTGTTACA	A	4	1
TCAGGCTTCTGTTACA	A	5	281
TCAGGCTTGAGGGCAT	A	0	8294
TCAGGCTTGAGGGCAT	A	1	1
TCAGGCTTGAGGGCAT	A	2	137
TCAGGCTTGAGGGCAT	A	3	1
TCAGGCTTGAGGGCAT	A	4	7
TCAGGCTTGAGGGCAT	A	6	113
TCAGGCTTTCATGACA	A	1	15876
TCAGGCTTTCATGACA	A	3	4722
TCAGGCTTTCATGACA	A	4	8
TCAGGCTTTCATGACA	A	5	378
TCCTATGGAATCTTGC	A	0	22364
TCCTATGGAATCTTGC	A	2	2051
TCCTATGGAATCTTGC	A	4	5
TCCTATGGAATCTTGC	A	6	442
TCCTATGGAGTTGCGC	A	1	19197
TCCTATGGAGTTGCGC	A	3	85543
TCCTATGGAGTTGCGC	A	5	3355
TCCTATGGCAGATCTT	A	0	1
TCCTATGGCAGATCTT	A	1	35843
TCCTATGGCAGATCTT	A	3	60505
TCCTATGGCAGATCTT	A	4	15
TCCTATGGCAGATCTT	A	5	1886
TCCTATGGCAGATTAC	A	0	592
TCCTATGGCAGATTAC	A	1	1
TCCTATGGCAGATTAC	A	2	81
TCCTATGGCAGATTAC	A	3	1
TCCTATGGCAGATTAC	A	4	4
TCCTATGGCAGATTAC	A	6	21
TCCTATGGCATCTGAG	A	0	14447
TCCTATGGCATCTGAG	A	2	859
TCCTATGGCATCTGAG	A	4	7
TCCTATGGCATCTGAG	A	6	253
TCCTATGGCTGTTACA	A	1	50647
TCCTATGGCTGTTACA	A	3	71501
TCCTATGGCTGTTACA	A	4	5
TCCTATGGCTGTTACA	A	5	1883
TCCTATGGGAGGGCAT	A	0	6326
TCCTATGGGAGGGCAT	A	2	532
TCCTATGGGAGGGCAT	A	4	2
TCCTATGGGAGGGCAT	A	6	124
TCCTATGGTCATGACA	A	1	57171
TCCTATGGTCATGACA	A	3	79002
TCCTATGGTCATGACA	A	4	13
TCCTATGGTCATGACA	A	5	3853
TCGTCAATAATCTTGC	A	0	13261
TCGTCAATAATCTTGC	A	2	914
TCGTCAATAATCTTGC	A	4	24
TCGTCAATAATCTTGC	A	6	271
TCGTCAATAGTTGCGC	A	1	565
TCGTCAATAGTTGCGC	A	3	44899
TCGTCAATAGTTGCGC	A	5	1327
TCGTCAATCAGATCTT	A	1	84
TCGTCAATCAGATCTT	A	3	2665
TCGTCAATCAGATCTT	A	4	8
TCGTCAATCAGATCTT	A	5	33
TCGTCAATCAGATTAC	A	0	437
TCGTCAATCAGATTAC	A	2	44
TCGTCAATCAGATTAC	A	4	24
TCGTCAATCAGATTAC	A	6	15
TCGTCAATCATCTGAG	A	0	3840
TCGTCAATCATCTGAG	A	2	299
TCGTCAATCATCTGAG	A	4	26
TCGTCAATCATCTGAG	A	6	102
TCGTCAATCTGTTACA	A	1	117
TCGTCAATCTGTTACA	A	3	3619
TCGTCAATCTGTTACA	A	4	1
TCGTCAATCTGTTACA	A	5	64
TCGTCAATGAGGGCAT	A	0	5377
TCGTCAATGAGGGCAT	A	2	396
TCGTCAATGAGGGCAT	A	4	13
TCGTCAATGAGGGCAT	A	6	151
TCGTCAATTCATGACA	A	1	60
TCGTCAATTCATGACA	A	3	1885
TCGTCAATTCATGACA	A	4	6
TCGTCAATTCATGACA	A	5	57
TCGTGCTCAATCTTGC	A	0	774
TCGTGCTCAATCTTGC	A	2	20339
TCGTGCTCAATCTTGC	A	4	35
TCGTGCTCAATCTTGC	A	6	298
TCGTGCTCAGTTGCGC	A	1	1468
TCGTGCTCAGTTGCGC	A	3	68602
TCGTGCTCAGTTGCGC	A	4	1
TCGTGCTCAGTTGCGC	A	5	943
TCGTGCTCCAGATCTT	A	1	1259
TCGTGCTCCAGATCTT	A	2	17
TCGTGCTCCAGATCTT	A	3	36406
TCGTGCTCCAGATCTT	A	4	32
TCGTGCTCCAGATCTT	A	5	741
TCGTGCTCCAGATCTT	A	6	1
TCGTGCTCCAGATTAC	A	0	2910
TCGTGCTCCAGATTAC	A	2	60908
TCGTGCTCCAGATTAC	A	4	24
TCGTGCTCCAGATTAC	A	6	1363
TCGTGCTCCATCTGAG	A	0	17664
TCGTGCTCCATCTGAG	A	2	246500
TCGTGCTCCATCTGAG	A	3	1
TCGTGCTCCATCTGAG	A	4	17
TCGTGCTCCATCTGAG	A	6	5109
TCGTGCTCCTGTTACA	A	1	1967
TCGTGCTCCTGTTACA	A	3	62283
TCGTGCTCCTGTTACA	A	4	16
TCGTGCTCCTGTTACA	A	5	2080
TCGTGCTCGAGGGCAT	A	0	13755
TCGTGCTCGAGGGCAT	A	2	236876
TCGTGCTCGAGGGCAT	A	3	2
TCGTGCTCGAGGGCAT	A	4	12
TCGTGCTCGAGGGCAT	A	6	4231
TCGTGCTCTCATGACA	A	1	4496
TCGTGCTCTCATGACA	A	3	187937
TCGTGCTCTCATGACA	A	4	31
TCGTGCTCTCATGACA	A	5	2875
TCTGGCCAAATCTTGC	A	0	577
TCTGGCCAAATCTTGC	A	1	1
TCTGGCCAAATCTTGC	A	2	295
TCTGGCCAAATCTTGC	A	3	1
TCTGGCCAAATCTTGC	A	4	32
TCTGGCCAAATCTTGC	A	6	5
TCTGGCCAAGTTGCGC	A	1	24100
TCTGGCCAAGTTGCGC	A	3	39090
TCTGGCCAAGTTGCGC	A	4	2
TCTGGCCAAGTTGCGC	A	5	1012
TCTGGCCACAGATCTT	A	0	13
TCTGGCCACAGATCTT	A	1	147485
TCTGGCCACAGATCTT	A	2	19
TCTGGCCACAGATCTT	A	3	61136
TCTGGCCACAGATCTT	A	4	51
TCTGGCCACAGATCTT	A	5	3034
TCTGGCCACAGATCTT	A	6	3
TCTGGCCACAGATTAC	A	0	195643
TCTGGCCACAGATTAC	A	1	1
TCTGGCCACAGATTAC	A	2	74552
TCTGGCCACAGATTAC	A	4	19
TCTGGCCACAGATTAC	A	6	3885
TCTGGCCACATCTGAG	A	0	158206
TCTGGCCACATCTGAG	A	2	66040
TCTGGCCACATCTGAG	A	4	22
TCTGGCCACATCTGAG	A	6	2863
TCTGGCCACTGTTACA	A	1	69021
TCTGGCCACTGTTACA	A	3	12031
TCTGGCCACTGTTACA	A	4	24
TCTGGCCACTGTTACA	A	5	1252
TCTGGCCAGAGGGCAT	A	0	193653
TCTGGCCAGAGGGCAT	A	1	1
TCTGGCCAGAGGGCAT	A	2	159972
TCTGGCCAGAGGGCAT	A	3	1
TCTGGCCAGAGGGCAT	A	4	22
TCTGGCCAGAGGGCAT	A	6	4587
TCTGGCCATCATGACA	A	1	4089
TCTGGCCATCATGACA	A	3	854
TCTGGCCATCATGACA	A	4	36
TCTGGCCATCATGACA	A	5	70
TCTTGAACAATCTTGC	A	0	93
TCTTGAACAATCTTGC	A	2	276741
TCTTGAACAATCTTGC	A	4	36
TCTTGAACAATCTTGC	A	6	8785
TCTTGAACAGTTGCGC	A	1	376
TCTTGAACAGTTGCGC	A	3	64292
TCTTGAACAGTTGCGC	A	4	6
TCTTGAACAGTTGCGC	A	5	1494
TCTTGAACCAGATCTT	A	1	3439
TCTTGAACCAGATCTT	A	2	19
TCTTGAACCAGATCTT	A	3	174630
TCTTGAACCAGATCTT	A	4	44
TCTTGAACCAGATCTT	A	5	4618
TCTTGAACCAGATCTT	A	6	3
TCTTGAACCAGATTAC	A	0	94
TCTTGAACCAGATTAC	A	2	199803
TCTTGAACCAGATTAC	A	4	33
TCTTGAACCAGATTAC	A	6	5542
TCTTGAACCATCTGAG	A	0	20
TCTTGAACCATCTGAG	A	2	346
TCTTGAACCATCTGAG	A	4	17
TCTTGAACCATCTGAG	A	6	10
TCTTGAACCTGTTACA	A	1	74
TCTTGAACCTGTTACA	A	3	88199
TCTTGAACCTGTTACA	A	4	21
TCTTGAACCTGTTACA	A	5	2644
TCTTGAACGAGGGCAT	A	0	46
TCTTGAACGAGGGCAT	A	2	238870
TCTTGAACGAGGGCAT	A	4	12
TCTTGAACGAGGGCAT	A	6	6138
TCTTGAACTCATGACA	A	1	2353
TCTTGAACTCATGACA	A	3	176974
TCTTGAACTCATGACA	A	4	25
TCTTGAACTCATGACA	A	5	2421
TGAGAATCAATCTTGC	A	0	143455
TGAGAATCAATCTTGC	A	2	611
TGAGAATCAATCTTGC	A	4	10
TGAGAATCAATCTTGC	A	6	1715
TGAGAATCAGTTGCGC	A	1	68588
TGAGAATCAGTTGCGC	A	3	7592
TGAGAATCAGTTGCGC	A	4	1
TGAGAATCAGTTGCGC	A	5	1166
TGAGAATCCAGATCTT	A	0	4
TGAGAATCCAGATCTT	A	1	86833
TGAGAATCCAGATCTT	A	3	3696
TGAGAATCCAGATCTT	A	4	16
TGAGAATCCAGATCTT	A	5	1393
TGAGAATCCAGATTAC	A	0	11273
TGAGAATCCAGATTAC	A	2	58
TGAGAATCCAGATTAC	A	4	12
TGAGAATCCAGATTAC	A	6	120
TGAGAATCCATCTGAG	A	0	91434
TGAGAATCCATCTGAG	A	2	377
TGAGAATCCATCTGAG	A	4	16
TGAGAATCCATCTGAG	A	6	1020
TGAGAATCCTGTTACA	A	1	14927
TGAGAATCCTGTTACA	A	3	662
TGAGAATCCTGTTACA	A	4	3
TGAGAATCCTGTTACA	A	5	199
TGAGAATCGAGGGCAT	A	0	32059
TGAGAATCGAGGGCAT	A	2	123
TGAGAATCGAGGGCAT	A	4	12
TGAGAATCGAGGGCAT	A	6	344
TGAGAATCTCATGACA	A	1	32929
TGAGAATCTCATGACA	A	3	1314
TGAGAATCTCATGACA	A	4	8
TGAGAATCTCATGACA	A	5	478
TGAGCTTTAATCTTGC	A	0	2147
TGAGCTTTAATCTTGC	A	2	647
TGAGCTTTAATCTTGC	A	4	2
TGAGCTTTAATCTTGC	A	6	39
TGAGCTTTAGTTGCGC	A	1	4580
TGAGCTTTAGTTGCGC	A	3	58039
TGAGCTTTAGTTGCGC	A	5	1190
TGAGCTTTCAGATCTT	A	0	1
TGAGCTTTCAGATCTT	A	1	5581
TGAGCTTTCAGATCTT	A	3	1940
TGAGCTTTCAGATCTT	A	4	3
TGAGCTTTCAGATCTT	A	5	103
TGAGCTTTCAGATTAC	A	0	77
TGAGCTTTCAGATTAC	A	2	29
TGAGCTTTCAGATTAC	A	4	5
TGAGCTTTCAGATTAC	A	6	4
TGAGCTTTCATCTGAG	A	0	434
TGAGCTTTCATCTGAG	A	2	331
TGAGCTTTCATCTGAG	A	4	1
TGAGCTTTCATCTGAG	A	6	28
TGAGCTTTCTGTTACA	A	1	1111
TGAGCTTTCTGTTACA	A	3	9291
TGAGCTTTCTGTTACA	A	4	3
TGAGCTTTCTGTTACA	A	5	413
TGAGCTTTGAGGGCAT	A	0	208
TGAGCTTTGAGGGCAT	A	2	48
TGAGCTTTGAGGGCAT	A	4	2
TGAGCTTTGAGGGCAT	A	6	4
TGAGCTTTTCATGACA	A	1	2455
TGAGCTTTTCATGACA	A	3	6474
TGAGCTTTTCATGACA	A	4	6
TGAGCTTTTCATGACA	A	5	145
TGATGCAGAATCTTGC	A	0	11307
TGATGCAGAATCTTGC	A	2	141319
TGATGCAGAATCTTGC	A	3	1
TGATGCAGAATCTTGC	A	4	43
TGATGCAGAATCTTGC	A	6	1946
TGATGCAGAGTTGCGC	A	1	2524
TGATGCAGAGTTGCGC	A	3	67811
TGATGCAGAGTTGCGC	A	4	3
TGATGCAGAGTTGCGC	A	5	1510
TGATGCAGCAGATCTT	A	1	5016
TGATGCAGCAGATCTT	A	2	17
TGATGCAGCAGATCTT	A	3	35059
TGATGCAGCAGATCTT	A	4	43
TGATGCAGCAGATCTT	A	5	460
TGATGCAGCAGATTAC	A	0	12807
TGATGCAGCAGATTAC	A	2	97882
TGATGCAGCAGATTAC	A	4	26
TGATGCAGCAGATTAC	A	6	2945
TGATGCAGCATCTGAG	A	0	5317
TGATGCAGCATCTGAG	A	1	1
TGATGCAGCATCTGAG	A	2	73927
TGATGCAGCATCTGAG	A	4	24
TGATGCAGCATCTGAG	A	6	1673
TGATGCAGCTGTTACA	A	1	21625
TGATGCAGCTGTTACA	A	2	1
TGATGCAGCTGTTACA	A	3	99510
TGATGCAGCTGTTACA	A	4	20
TGATGCAGCTGTTACA	A	5	2332
TGATGCAGGAGGGCAT	A	0	7732
TGATGCAGGAGGGCAT	A	2	115088
TGATGCAGGAGGGCAT	A	4	25
TGATGCAGGAGGGCAT	A	6	1585
TGATGCAGTCATGACA	A	1	24749
TGATGCAGTCATGACA	A	3	189199
TGATGCAGTCATGACA	A	4	32
TGATGCAGTCATGACA	A	5	2635
TGGAACTAAATCTTGC	A	0	26
TGGAACTAAATCTTGC	A	2	783
TGGAACTAAATCTTGC	A	4	65
TGGAACTAAATCTTGC	A	6	8
TGGAACTAAGTTGCGC	A	1	94
TGGAACTAAGTTGCGC	A	3	26615
TGGAACTAAGTTGCGC	A	4	2
TGGAACTAAGTTGCGC	A	5	425
TGGAACTACAGATCTT	A	1	379
TGGAACTACAGATCTT	A	2	13
TGGAACTACAGATCTT	A	3	194379
TGGAACTACAGATCTT	A	4	48
TGGAACTACAGATCTT	A	5	2724
TGGAACTACAGATCTT	A	6	1
TGGAACTACAGATTAC	A	0	175
TGGAACTACAGATTAC	A	2	204773
TGGAACTACAGATTAC	A	4	52
TGGAACTACAGATTAC	A	6	3745
TGGAACTACATCTGAG	A	0	252
TGGAACTACATCTGAG	A	2	297558
TGGAACTACATCTGAG	A	4	56
TGGAACTACATCTGAG	A	6	6853
TGGAACTACTGTTACA	A	1	232
TGGAACTACTGTTACA	A	3	137288
TGGAACTACTGTTACA	A	4	20
TGGAACTACTGTTACA	A	5	2529
TGGAACTAGAGGGCAT	A	0	131
TGGAACTAGAGGGCAT	A	2	99432
TGGAACTAGAGGGCAT	A	3	1
TGGAACTAGAGGGCAT	A	4	48
TGGAACTAGAGGGCAT	A	6	1237
TGGAACTATCATGACA	A	1	296
TGGAACTATCATGACA	A	3	130582
TGGAACTATCATGACA	A	4	39
TGGAACTATCATGACA	A	5	1711
TGGAATGGAATCTTGC	A	0	6837
TGGAATGGAATCTTGC	A	2	795
TGGAATGGAATCTTGC	A	4	7
TGGAATGGAATCTTGC	A	6	153
TGGAATGGAGTTGCGC	A	1	385
TGGAATGGAGTTGCGC	A	3	23450
TGGAATGGAGTTGCGC	A	5	713
TGGAATGGCAGATCTT	A	1	278
TGGAATGGCAGATCTT	A	3	1479
TGGAATGGCAGATCTT	A	4	5
TGGAATGGCAGATCTT	A	5	43
TGGAATGGCAGATTAC	A	0	345
TGGAATGGCAGATTAC	A	2	27
TGGAATGGCAGATTAC	A	4	6
TGGAATGGCAGATTAC	A	6	3
TGGAATGGCATCTGAG	A	0	3132
TGGAATGGCATCTGAG	A	2	274
TGGAATGGCATCTGAG	A	4	6
TGGAATGGCATCTGAG	A	6	100
TGGAATGGCTGTTACA	A	1	859
TGGAATGGCTGTTACA	A	3	13425
TGGAATGGCTGTTACA	A	4	2
TGGAATGGCTGTTACA	A	5	260
TGGAATGGGAGGGCAT	A	0	2652
TGGAATGGGAGGGCAT	A	2	304
TGGAATGGGAGGGCAT	A	4	6
TGGAATGGGAGGGCAT	A	6	84
TGGAATGGTCATGACA	A	1	721
TGGAATGGTCATGACA	A	3	11261
TGGAATGGTCATGACA	A	4	13
TGGAATGGTCATGACA	A	5	258
TGGTATTCAATCTTGC	A	0	29320
TGGTATTCAATCTTGC	A	2	3159
TGGTATTCAATCTTGC	A	3	1
TGGTATTCAATCTTGC	A	4	40
TGGTATTCAATCTTGC	A	6	398
TGGTATTCAGTTGCGC	A	1	37953
TGGTATTCAGTTGCGC	A	3	43103
TGGTATTCAGTTGCGC	A	5	1519
TGGTATTCCAGATCTT	A	0	20
TGGTATTCCAGATCTT	A	1	246023
TGGTATTCCAGATCTT	A	2	3
TGGTATTCCAGATCTT	A	3	60094
TGGTATTCCAGATCTT	A	4	49
TGGTATTCCAGATCTT	A	5	5911
TGGTATTCCAGATCTT	A	6	2
TGGTATTCCAGATTAC	A	0	221109
TGGTATTCCAGATTAC	A	1	2
TGGTATTCCAGATTAC	A	2	18174
TGGTATTCCAGATTAC	A	4	50
TGGTATTCCAGATTAC	A	6	3096
TGGTATTCCATCTGAG	A	0	454009
TGGTATTCCATCTGAG	A	1	2
TGGTATTCCATCTGAG	A	2	41796
TGGTATTCCATCTGAG	A	3	2
TGGTATTCCATCTGAG	A	4	33
TGGTATTCCATCTGAG	A	6	6797
TGGTATTCCTGTTACA	A	0	1
TGGTATTCCTGTTACA	A	1	126951
TGGTATTCCTGTTACA	A	3	16713
TGGTATTCCTGTTACA	A	4	15
TGGTATTCCTGTTACA	A	5	3411
TGGTATTCGAGGGCAT	A	0	401010
TGGTATTCGAGGGCAT	A	2	27378
TGGTATTCGAGGGCAT	A	4	24
TGGTATTCGAGGGCAT	A	6	5968
TGGTATTCTCATGACA	A	1	165430
TGGTATTCTCATGACA	A	3	19678
TGGTATTCTCATGACA	A	4	37
TGGTATTCTCATGACA	A	5	3062
TGTCGGCTAATCTTGC	A	0	67
TGTCGGCTAATCTTGC	A	2	260152
TGTCGGCTAATCTTGC	A	4	78
TGTCGGCTAATCTTGC	A	6	6302
TGTCGGCTAGTTGCGC	A	1	479
TGTCGGCTAGTTGCGC	A	3	76237
TGTCGGCTAGTTGCGC	A	4	4
TGTCGGCTAGTTGCGC	A	5	1293
TGTCGGCTCAGATCTT	A	1	670
TGTCGGCTCAGATCTT	A	2	5
TGTCGGCTCAGATCTT	A	3	183010
TGTCGGCTCAGATCTT	A	4	78
TGTCGGCTCAGATCTT	A	5	3914
TGTCGGCTCAGATTAC	A	0	87
TGTCGGCTCAGATTAC	A	2	212278
TGTCGGCTCAGATTAC	A	3	1
TGTCGGCTCAGATTAC	A	4	50
TGTCGGCTCAGATTAC	A	6	5403
TGTCGGCTCATCTGAG	A	0	1746
TGTCGGCTCATCTGAG	A	2	311661
TGTCGGCTCATCTGAG	A	4	46
TGTCGGCTCATCTGAG	A	6	5272
TGTCGGCTCTGTTACA	A	1	330
TGTCGGCTCTGTTACA	A	3	117398
TGTCGGCTCTGTTACA	A	4	30
TGTCGGCTCTGTTACA	A	5	1267
TGTCGGCTGAGGGCAT	A	0	17
TGTCGGCTGAGGGCAT	A	2	3910
TGTCGGCTGAGGGCAT	A	3	3
TGTCGGCTGAGGGCAT	A	4	36
TGTCGGCTGAGGGCAT	A	6	46
TGTCGGCTTCATGACA	A	1	601
TGTCGGCTTCATGACA	A	3	203804
TGTCGGCTTCATGACA	A	4	78
TGTCGGCTTCATGACA	A	5	2691
TTGGAAAGAATCTTGC	A	0	952
TTGGAAAGAATCTTGC	A	2	221
TTGGAAAGAATCTTGC	A	4	3
TTGGAAAGAATCTTGC	A	6	24
TTGGAAAGAGTTGCGC	A	1	136
TTGGAAAGAGTTGCGC	A	3	24376
TTGGAAAGAGTTGCGC	A	5	702
TTGGAAAGCAGATCTT	A	1	29
TTGGAAAGCAGATCTT	A	3	235
TTGGAAAGCAGATCTT	A	4	5
TTGGAAAGCAGATCTT	A	5	9
TTGGAAAGCAGATTAC	A	0	123
TTGGAAAGCAGATTAC	A	2	56
TTGGAAAGCAGATTAC	A	4	9
TTGGAAAGCAGATTAC	A	6	1
TTGGAAAGCATCTGAG	A	0	1696
TTGGAAAGCATCTGAG	A	2	440
TTGGAAAGCATCTGAG	A	4	6
TTGGAAAGCATCTGAG	A	6	27
TTGGAAAGCTGTTACA	A	1	70
TTGGAAAGCTGTTACA	A	3	1929
TTGGAAAGCTGTTACA	A	4	2
TTGGAAAGCTGTTACA	A	5	15
TTGGAAAGGAGGGCAT	A	0	525
TTGGAAAGGAGGGCAT	A	2	169
TTGGAAAGGAGGGCAT	A	4	3
TTGGAAAGGAGGGCAT	A	6	18
TTGGAAAGTCATGACA	A	1	152
TTGGAAAGTCATGACA	A	3	3390
TTGGAAAGTCATGACA	A	4	4
TTGGAAAGTCATGACA	A	5	108
TTGGACTCAATCTTGC	A	0	2220
TTGGACTCAATCTTGC	A	1	2
TTGGACTCAATCTTGC	A	2	520
TTGGACTCAATCTTGC	A	4	44
TTGGACTCAATCTTGC	A	6	28
TTGGACTCAGTTGCGC	A	1	49241
TTGGACTCAGTTGCGC	A	3	58722
TTGGACTCAGTTGCGC	A	4	4
TTGGACTCAGTTGCGC	A	5	1557
TTGGACTCCAGATCTT	A	0	13
TTGGACTCCAGATCTT	A	1	175791
TTGGACTCCAGATCTT	A	2	8
TTGGACTCCAGATCTT	A	3	96174
TTGGACTCCAGATCTT	A	4	59
TTGGACTCCAGATCTT	A	5	4079
TTGGACTCCAGATCTT	A	6	2
TTGGACTCCAGATTAC	A	0	286600
TTGGACTCCAGATTAC	A	1	1
TTGGACTCCAGATTAC	A	2	57415
TTGGACTCCAGATTAC	A	3	1
TTGGACTCCAGATTAC	A	4	49
TTGGACTCCAGATTAC	A	6	4579
TTGGACTCCATCTGAG	A	0	344901
TTGGACTCCATCTGAG	A	1	2
TTGGACTCCATCTGAG	A	2	78551
TTGGACTCCATCTGAG	A	4	32
TTGGACTCCATCTGAG	A	6	5098
TTGGACTCCTGTTACA	A	1	163100
TTGGACTCCTGTTACA	A	3	104883
TTGGACTCCTGTTACA	A	4	31
TTGGACTCCTGTTACA	A	5	5071
TTGGACTCGAGGGCAT	A	0	188130
TTGGACTCGAGGGCAT	A	2	62029
TTGGACTCGAGGGCAT	A	4	24
TTGGACTCGAGGGCAT	A	6	3154
TTGGACTCTCATGACA	A	1	175410
TTGGACTCTCATGACA	A	3	96888
TTGGACTCTCATGACA	A	4	51
TTGGACTCTCATGACA	A	5	3796
TTGGCCCAAATCTTGC	A	0	4389
TTGGCCCAAATCTTGC	A	2	420
TTGGCCCAAATCTTGC	A	4	639
TTGGCCCAAATCTTGC	A	6	201
TTGGCCCAAGTTGCGC	A	1	991
TTGGCCCAAGTTGCGC	A	3	17458
TTGGCCCAAGTTGCGC	A	4	2
TTGGCCCAAGTTGCGC	A	5	420
TTGGCCCACAGATCTT	A	1	2599
TTGGCCCACAGATCTT	A	3	1751
TTGGCCCACAGATCTT	A	4	104
TTGGCCCACAGATCTT	A	5	57
TTGGCCCACAGATTAC	A	0	1190
TTGGCCCACAGATTAC	A	2	142
TTGGCCCACAGATTAC	A	4	425
TTGGCCCACAGATTAC	A	6	28
TTGGCCCACATCTGAG	A	0	11690
TTGGCCCACATCTGAG	A	2	1580
TTGGCCCACATCTGAG	A	4	278
TTGGCCCACATCTGAG	A	6	298
TTGGCCCACTGTTACA	A	1	3575
TTGGCCCACTGTTACA	A	3	55142
TTGGCCCACTGTTACA	A	4	5
TTGGCCCACTGTTACA	A	5	777
TTGGCCCAGAGGGCAT	A	0	3576
TTGGCCCAGAGGGCAT	A	2	385
TTGGCCCAGAGGGCAT	A	4	490
TTGGCCCAGAGGGCAT	A	6	89
TTGGCCCATCATGACA	A	1	2922
TTGGCCCATCATGACA	A	3	5902
TTGGCCCATCATGACA	A	4	106
TTGGCCCATCATGACA	A	5	153
