sequence,target,amplicon,assay
TATCTTCAACCTAGGACTTTTCTATT,SARS-CoV-2,S2,S2_RPP30
CGCAGAGCCTTCAGGTCAGAACCCGC,RPP30,RPP30,S2_RPP30
ATAGAACAACCTAGGACTTTTCTATT,spike,S2_spike,S2_RPP30
TGGTTTCGTAATGCGGGGTGCATTTC,spike,N1_spike,S2_RPP30
ACCAAACGTAATGCGGGGTGCATTTC,SARS-CoV-2,N1,S2_RPP30
ACCAAACGTAATGCGGGGTGCATTTC,SARS-CoV-2,N1,N1_RPP30
TGGTTTCGTAATGCGGGGTGCATTTC,spike,N1_spike,N1_RPP30
CGCAGAGCCTTCAGGTCAGAACCCGC,RPP30,RPP30,N1_RPP30
ATAGAACAACCTAGGACTTTTCTATT,spike,S2_spike,N1_RPP30
TATCTTCAACCTAGGACTTTTCTATT,SARS-CoV-2,S2,N1_RPP30
